"location_name","peak_bed_day_mean","peak_bed_day_lower","peak_bed_day_upper","peak_icu_bed_day_mean","peak_icu_bed_day_lower","peak_icu_bed_day_upper","peak_vent_day_mean","peak_vent_day_lower","peak_vent_day_upper","all_bed_capacity","icu_bed_capacity","all_bed_usage","icu_bed_usage","available_all_nbr","available_icu_nbr","travel_limit_start_date","travel_limit_end_date","stay_home_start_date","stay_home_end_date","educational_fac_start_date","educational_fac_end_date","any_gathering_restrict_start_date","any_gathering_restrict_end_date","any_business_start_date","any_business_end_date","all_non-ess_business_start_date","all_non-ess_business_end_date"
"Abruzzo","2020-12-01","2020-03-29","2020-12-03","2020-12-01","2020-03-31","2020-12-03","2020-12-01","2020-03-30","2020-12-03",4445,136,3445,95,1000,41,"2020-03-22","2020-05-04","2020-03-11","2020-06-03","2020-03-05",,"2020-03-11",,"2020-03-11","2020-06-15","2020-03-11","2020-04-14"
"Acre","2020-08-11","2020-05-31","2020-08-14","2020-08-12","2020-06-05","2020-08-15","2020-08-12","2020-06-05","2020-08-15",1322,44,1034,37,288,7,,,,,"2020-03-16",,"2020-03-20",,"2020-03-17",,"2020-03-17",
"Afghanistan","2020-11-21","2020-11-09","2020-11-25","2020-11-23","2020-11-12","2020-11-27","2020-11-23","2020-11-11","2020-11-27",16384,2082,9661,1117,6723,965,,,,,"2020-03-14",,"2020-03-18",,"2020-03-18",,,
"Aguascalientes","2020-12-21","2020-07-31","2020-12-27","2020-12-22","2020-08-01","2020-12-27","2020-12-22","2020-07-31","2020-12-27",1275,74,891,62,384,12,,,,,"2020-03-19",,"2020-03-13",,"2020-03-23",,"2020-03-30",
"Alabama","2020-12-27","2020-05-03","2020-12-27","2020-12-27","2020-05-04","2020-12-27","2020-12-27","2020-05-04","2020-12-27",17537,1525,11793,1050,5744,475,,,"2020-04-04","2020-04-30","2020-03-19",,"2020-03-19",,"2020-03-19","2020-06-15","2020-03-28","2020-04-30"
"Alagoas","2020-09-11","2020-06-06","2020-09-14","2020-09-12","2020-06-08","2020-09-15","2020-09-11","2020-06-08","2020-09-14",5342,296,4174,254,1168,42,,,,,"2020-03-17",,"2020-03-16",,"2020-04-07",,"2020-04-07","2020-05-06"
"Alaska","2020-12-07","2020-03-29","2020-12-25","2020-12-08","2020-03-31","2020-12-24","2020-12-08","2020-03-31","2020-12-24",2034,169,1351,115,683,54,"2020-03-28",,"2020-03-28","2020-04-24","2020-03-16",,"2020-03-24","2020-05-22","2020-03-17","2020-05-22","2020-03-28","2020-04-24"
"Albania","2020-09-03","2020-03-26","2020-12-27","2020-09-03","2020-03-29","2020-12-27","2020-09-03","2020-03-29","2020-12-27",7691,202,3817,64,3874,138,"2020-03-14","2020-06-01","2020-03-12","2020-06-01","2020-03-08",,"2020-03-12",,"2020-03-11",,"2020-03-14","2020-04-20"
"Alberta","2020-12-27","2020-04-15","2020-12-27","2020-12-27","2020-04-16","2020-12-27","2020-12-27","2020-04-16","2020-12-27",,,,,,,,,,,"2020-03-16",,"2020-03-12",,"2020-03-18",,,
"Algeria","2020-10-22","2020-10-20","2020-10-25","2020-10-22","2020-10-20","2020-10-25","2020-10-22","2020-10-20","2020-10-25",70469,5325,43636,3060,26833,2265,,,,,"2020-03-12",,"2020-03-17",,"2020-03-22",,,
"Amapá","2020-09-05","2020-05-25","2020-09-08","2020-09-06","2020-05-25","2020-09-09","2020-09-06","2020-05-25","2020-09-09",893,38,696,32,197,6,,,"2020-05-19",,"2020-03-18",,"2020-03-20",,"2020-03-20",,"2020-04-04",
"Amazonas","2020-05-11","2020-05-08","2020-05-16","2020-05-14","2020-05-11","2020-05-16","2020-05-13","2020-05-11","2020-05-16",4855,264,3792,226,1063,38,"2020-04-06",,,,"2020-03-16",,"2020-03-31",,"2020-03-19",,"2020-03-24",
"Andalucia","2020-11-13","2020-04-03","2020-11-16","2020-11-14","2020-04-05","2020-11-16","2020-11-13","2020-04-05","2020-11-16",,,,,,,,,"2020-03-15","2020-05-18","2020-03-14",,"2020-03-15",,"2020-03-15",,"2020-03-15","2020-04-13"
"Andorra","2020-04-01","2020-03-31","2020-04-01","2020-04-01","2020-04-01","2020-04-02","2020-04-01","2020-04-01","2020-04-01",233,5,179,3,54,2,,,,,"2020-03-16",,,,"2020-03-13",,"2020-03-16",
"Angola","2020-10-03","2019-12-21","2020-12-18","2020-10-04","2019-12-21","2020-12-16","2020-10-04","2019-12-21","2020-12-16",21925,271,13915,161,8010,110,"2020-03-27","2020-05-25","2020-03-27","2020-05-25","2020-03-24",,"2020-03-24",,"2020-03-27",,"2020-03-27","2020-05-25"
"Antigua and Barbuda","2020-10-21","2019-12-21","2020-10-25","2020-10-22","2019-12-21","2020-10-25","2020-10-21","2019-12-21","2020-10-25",218,4,142,2,76,2,,,"2020-04-02",,"2020-03-15",,"2020-03-28",,,,,
"Aragon","2020-04-06","2020-04-05","2020-04-07","2020-04-07","2020-04-06","2020-04-08","2020-04-06","2020-04-06","2020-04-07",,,,,,,,,"2020-03-15","2020-05-11","2020-03-14",,"2020-03-15",,"2020-03-15",,"2020-03-15","2020-04-13"
"Argentina","2020-09-03","2020-08-31","2020-09-05","2020-09-03","2020-08-31","2020-09-05","2020-09-03","2020-08-31","2020-09-05",201870,8624,151217,4677,50653,3947,"2020-03-20","2020-04-27","2020-03-20",,"2020-03-16",,"2020-03-15",,"2020-03-20",,"2020-03-20",
"Arizona","2020-11-06","2020-06-29","2020-11-09","2020-11-06","2020-06-30","2020-11-09","2020-11-06","2020-06-30","2020-11-09",16342,1440,10324,932,6018,508,,,"2020-03-30","2020-05-16","2020-03-16",,"2020-03-30","2020-05-16","2020-03-30","2020-05-16",,
"Arkansas","2020-07-20","2020-06-15","2020-09-06","2020-07-23","2020-06-15","2020-09-08","2020-07-23","2020-06-15","2020-09-05",11243,914,6237,519,5006,395,,,,,"2020-03-17",,"2020-03-27","2020-06-01","2020-03-19",,,
"Armenia","2020-12-27","2020-06-09","2020-12-27","2020-12-27","2020-06-09","2020-12-27","2020-12-27","2020-06-09","2020-12-27",12667,297,6961,116,5706,181,"2020-04-03","2020-04-22","2020-03-24","2020-05-04","2020-03-13",,"2020-03-16",,"2020-03-24",,"2020-03-24","2020-04-23"
"Asturias","2020-04-18","2020-04-08","2020-12-27","2020-04-17","2020-04-09","2020-12-27","2020-04-17","2020-04-08","2020-12-27",,,,,,,,,"2020-03-15","2020-05-11","2020-03-14",,"2020-03-15",,"2020-03-15",,"2020-03-15","2020-04-13"
"Australia","2020-04-09","2020-04-07","2020-04-10","2020-04-09","2020-04-07","2020-04-09","2020-04-09","2020-04-07","2020-04-09",92001,2286,73337,1718,18664,568,,,,,,,"2020-03-20",,"2020-03-23",,,
"Austria","2020-12-02","2020-04-05","2020-12-05","2020-12-03","2020-04-07","2020-12-05","2020-12-03","2020-04-06","2020-12-05",65205,1805,52095,1313,13110,492,,,"2020-03-16","2020-05-01","2020-03-16","2020-06-03","2020-03-10",,"2020-03-16","2020-05-01","2020-03-16","2020-04-13"
"Azad Jammu & Kashmir","2020-10-14","2020-06-18","2020-10-18","2020-10-15","2020-06-21","2020-10-19","2020-10-15","2020-06-21","2020-10-18",1925,59,1405,41,520,18,,,"2020-03-24","2020-05-09","2020-03-13",,"2020-03-24",,"2020-03-24",,"2020-03-24","2020-04-15"
"Azerbaijan","2020-12-05","2020-12-03","2020-12-08","2020-12-06","2020-12-03","2020-12-10","2020-12-06","2020-12-03","2020-12-09",62924,1282,21599,231,41325,1051,"2020-02-29",,"2020-04-05",,"2020-03-03",,"2020-03-24",,"2020-03-14",,"2020-03-14","2020-05-31"
"Baden-Württemberg","2020-12-27","2020-04-08","2020-12-27","2020-12-27","2020-04-10","2020-12-27","2020-12-27","2020-04-09","2020-12-27",,,,,,,,,"2020-03-21","2020-05-11","2020-03-17",,"2020-03-21",,"2020-03-21",,"2020-03-21","2020-04-20"
"Bahamas","2020-10-31","2020-04-06","2020-11-04","2020-11-01","2020-04-06","2020-11-05","2020-11-01","2020-04-06","2020-11-05",1126,21,737,13,389,8,"2020-03-20","2020-07-01","2020-03-24","2020-06-08","2020-03-16",,"2020-03-16",,"2020-03-20",,"2020-03-20","2020-06-08"
"Bahia","2020-08-26","2020-08-24","2020-08-29","2020-08-27","2020-08-24","2020-08-29","2020-08-27","2020-08-24","2020-08-29",25651,1334,20091,1146,5560,188,,,,,"2020-03-17",,"2020-03-27",,,,,
"Bahrain","2020-09-21","2020-06-16","2020-12-27","2020-09-22","2020-06-20","2020-12-27","2020-09-22","2020-06-20","2020-12-27",3014,209,1885,121,1129,88,,,,,"2020-02-26",,"2020-03-18",,"2020-03-18",,"2020-03-26","2020-04-09"
"Baja California","2020-12-10","2020-11-23","2020-12-26","2020-12-11","2020-11-26","2020-12-27","2020-12-11","2020-11-25","2020-12-26",3383,160,2261,131,1122,29,,,,,"2020-03-19",,"2020-03-18",,"2020-03-23",,"2020-03-30",
"Baja California Sur","2020-12-27","2020-06-15","2020-12-27","2020-12-27","2020-06-16","2020-12-27","2020-12-27","2020-06-15","2020-12-27",838,41,589,34,249,7,,,,,"2020-03-19",,"2020-03-16",,"2020-03-23",,"2020-03-30",
"Balearic Islands","2020-04-04","2020-04-01","2020-12-27","2020-04-04","2020-04-04","2020-12-27","2020-04-04","2020-04-04","2020-12-27",,,,,,,,,"2020-03-15","2020-05-11","2020-03-14",,"2020-03-15",,"2020-03-15",,"2020-03-15","2020-04-13"
"Balochistan","2020-10-22","2020-09-30","2020-10-26","2020-10-22","2020-10-02","2020-10-27","2020-10-22","2020-10-02","2020-10-26",6559,200,4772,140,1787,60,,,"2020-03-24","2020-05-09","2020-02-27",,"2020-03-24",,"2020-03-24",,"2020-03-24","2020-04-15"
"Bangladesh","2020-10-09","2020-10-06","2020-10-11","2020-10-10","2020-10-07","2020-10-11","2020-10-09","2020-10-07","2020-10-11",66861,2023,48909,1432,17952,591,"2020-03-16","2020-06-01","2020-03-26","2020-06-01","2020-03-17",,"2020-03-19",,"2020-03-26",,"2020-03-26","2020-05-05"
"Barbados","2020-10-10","2019-12-21","2020-10-13","2020-10-10","2019-12-21","2020-10-13","2020-10-10","2019-12-21","2020-10-13",1769,25,1178,16,591,9,,,"2020-04-03","2020-05-04","2020-03-25","2020-06-15","2020-03-17",,"2020-03-28",,"2020-03-28","2020-05-04"
"Basilicata","2020-11-22","2020-03-30","2020-11-25","2020-11-22","2020-04-06","2020-11-25","2020-11-22","2020-04-06","2020-11-25",2017,60,1563,42,454,18,"2020-03-22","2020-05-04","2020-03-11","2020-06-03","2020-03-05",,"2020-03-11",,"2020-03-11","2020-06-15","2020-03-11","2020-04-14"
"Basque Country","2020-04-06","2020-04-04","2020-04-07","2020-04-07","2020-04-06","2020-04-08","2020-04-06","2020-04-06","2020-04-07",,,,,,,,,"2020-03-15","2020-05-11","2020-03-14",,"2020-03-15",,"2020-03-15","2020-06-18","2020-03-15","2020-04-13"
"Bavaria","2020-12-27","2020-04-10","2020-12-27","2020-12-27","2020-04-12","2020-12-27","2020-12-27","2020-04-12","2020-12-27",,,,,,,,,"2020-03-21","2020-05-06","2020-03-16",,"2020-03-21",,"2020-03-17",,"2020-03-21","2020-04-27"
"Belarus","2020-06-22","2020-05-14","2020-07-01","2020-06-22","2020-05-18","2020-07-01","2020-06-22","2020-05-18","2020-07-01",95321,1591,82734,1230,12587,361,,,,,,,,,,,,
"Belgium","2020-04-11","2020-04-10","2020-12-27","2020-04-12","2020-04-12","2020-12-27","2020-04-12","2020-04-11","2020-12-27",65009,1751,52142,1279,12867,472,,,"2020-03-18","2020-06-08","2020-03-14",,"2020-03-13",,"2020-03-13",,"2020-03-18","2020-05-11"
"Belize","2020-11-27","2019-12-21","2020-12-02","2020-11-27","2019-12-21","2020-12-02","2020-11-27","2019-12-21","2020-12-02",403,12,269,8,134,4,"2020-03-20","2020-04-26","2020-04-11","2020-04-26","2020-03-20",,"2020-03-16",,"2020-03-25",,"2020-04-11","2020-04-26"
"Benin","2020-09-13","2019-12-21","2020-12-27","2020-09-16","2019-12-21","2020-12-27","2020-09-15","2019-12-21","2020-12-27",5578,39,3179,19,2399,20,,,,,"2020-03-30",,"2020-03-18",,,,,
"Berlin","2020-12-27","2020-04-15","2020-12-27","2020-12-27","2020-04-17","2020-12-27","2020-12-27","2020-04-16","2020-12-27",,,,,,,,,"2020-03-23","2020-05-09","2020-03-23","2020-05-29","2020-03-23",,"2020-03-14",,"2020-03-23","2020-04-22"
"Bolivia (Plurinational State of)","2020-08-18","2020-08-16","2020-08-21","2020-08-19","2020-08-17","2020-08-21","2020-08-19","2020-08-16","2020-08-21",17206,257,9805,199,7401,58,"2020-03-27",,"2020-03-26",,"2020-03-12",,"2020-03-12",,"2020-03-16",,"2020-03-20",
"Bosnia and Herzegovina","2020-05-08","2020-05-07","2020-05-09","2020-05-08","2020-05-07","2020-05-10","2020-05-08","2020-05-07","2020-05-08",10078,258,7309,157,2769,101,"2020-03-19","2020-05-29","2020-03-22","2020-05-21","2020-03-12",,"2020-03-18",,"2020-03-18",,"2020-03-20","2020-04-29"
"Botswana","2020-10-09","2019-12-21","2019-12-21","2020-10-10","2019-12-21","2019-12-21","2020-10-10","2019-12-21","2019-12-21",4923,122,3084,71,1839,51,"2020-04-02","2020-05-08","2020-04-02","2020-05-21","2020-03-20",,"2020-03-16",,"2020-03-16",,"2020-04-02","2020-05-15"
"Brandenburg","2020-12-02","2020-04-17","2020-12-04","2020-12-02","2020-04-17","2020-12-04","2020-12-02","2020-04-17","2020-12-04",,,,,,,,,"2020-03-17","2020-05-09","2020-03-18","2020-05-25","2020-03-17",,"2020-03-17",,"2020-03-17","2020-04-22"
"Brazil","2020-08-16","2020-07-10","2020-12-27","2020-08-17","2020-07-11","2020-12-27","2020-08-16","2020-07-11","2020-12-27",396705,28543,311659,24567,85046,3976,,,,,"2020-03-24",,,,,,,
"Bremen","2020-12-27","2020-04-07","2020-12-27","2020-12-27","2020-04-09","2020-12-27","2020-12-27","2020-04-09","2020-12-27",,,,,,,,,"2020-03-22","2020-05-14","2020-03-16","2020-05-25","2020-03-22",,"2020-03-20",,"2020-03-20","2020-04-20"
"British Columbia","2020-12-27","2020-04-03","2020-12-27","2020-12-27","2020-04-09","2020-12-27","2020-12-27","2020-04-09","2020-12-27",,,,,,,,,,,"2020-03-17","2020-06-01","2020-03-16",,"2020-03-20",,,
"Brunei Darussalam","2019-12-21","2019-12-21","2019-12-21","2019-12-21","2019-12-21","2019-12-21","2019-12-21","2019-12-21","2019-12-21",1149,58,867,41,282,17,,,,,"2020-03-30",,"2020-03-13",,"2020-03-18",,,
"Bulgaria","2020-11-20","2020-06-09","2020-11-22","2020-11-20","2020-06-15","2020-11-22","2020-11-20","2020-06-15","2020-11-22",47334,1956,32593,1096,14741,860,"2020-03-21",,"2020-03-17","2020-05-03","2020-03-13",,"2020-03-13",,"2020-03-13",,"2020-03-13","2020-05-06"
"Burkina Faso","2020-12-27","2020-03-28","2020-12-27","2020-12-27","2020-03-28","2020-12-27","2020-12-27","2020-03-28","2020-12-27",13239,84,7493,42,5746,42,,,,,"2020-03-16",,"2020-03-13",,,,,
"Cabo Verde","2020-11-02","2019-12-21","2020-11-07","2020-11-03","2019-12-21","2020-11-08","2020-11-03","2019-12-21","2020-11-07",892,3,525,1,367,2,,,,,"2020-03-27",,"2020-03-16",,"2020-03-16",,,
"Calabria","2020-12-11","2020-03-27","2020-12-14","2020-12-12","2020-03-29","2020-12-14","2020-12-11","2020-03-29","2020-12-14",7056,209,5469,146,1587,63,"2020-03-22","2020-05-04","2020-03-11","2020-06-03","2020-03-05",,"2020-03-11",,"2020-03-11","2020-06-15","2020-03-11","2020-04-14"
"California","2020-12-10","2020-12-08","2020-12-13","2020-12-11","2020-12-09","2020-12-13","2020-12-11","2020-12-08","2020-12-13",85724,6783,59070,4789,26654,1994,,,"2020-03-19",,"2020-03-19",,"2020-03-11",,"2020-03-19",,"2020-03-19","2020-05-26"
"Cameroon","2020-08-16","2020-05-07","2020-12-27","2020-08-19","2020-05-10","2020-12-27","2020-08-18","2020-05-10","2020-12-27",36765,175,21229,91,15536,84,,,,,"2020-03-18",,"2020-03-18",,,,,
"Campania","2020-12-27","2020-03-28","2020-12-27","2020-12-27","2020-03-29","2020-12-27","2020-12-27","2020-03-29","2020-12-27",21407,632,16595,443,4812,189,"2020-03-22","2020-05-04","2020-03-11","2020-06-03","2020-03-05",,"2020-03-11",,"2020-03-11","2020-06-15","2020-03-11","2020-04-14"
"Campeche","2020-12-27","2020-08-29","2020-12-27","2020-12-27","2020-08-29","2020-12-27","2020-12-27","2020-08-29","2020-12-27",865,31,543,24,322,7,,,,,"2020-03-18",,"2020-03-19",,"2020-03-30",,"2020-03-30",
"Canada","2020-12-15","2020-04-24","2020-12-27","2020-12-16","2020-04-27","2020-12-27","2020-12-15","2020-04-26","2020-12-27",102414,4168,93126,3520,9288,648,,,,,"2020-03-23",,"2020-03-23",,,,,
"Canary Islands","2020-11-12","2020-03-27","2020-11-15","2020-11-13","2020-03-28","2020-11-15","2020-11-12","2020-03-28","2020-11-15",,,,,,,,,"2020-03-15","2020-05-11","2020-03-14",,"2020-03-15",,"2020-03-15",,"2020-03-15","2020-04-13"
"Cantabria","2020-04-07","2020-03-31","2020-04-08","2020-04-07","2020-04-05","2020-04-08","2020-04-07","2020-04-05","2020-04-07",,,,,,,,,"2020-03-15","2020-05-11","2020-03-14",,"2020-03-15",,"2020-03-15","2020-06-22","2020-03-15","2020-04-13"
"Castile and León","2020-04-01","2020-03-31","2020-04-02","2020-04-02","2020-04-01","2020-04-02","2020-04-01","2020-04-01","2020-04-02",,,,,,,,,"2020-03-15","2020-05-25","2020-03-14",,"2020-03-15",,"2020-03-15",,"2020-03-15","2020-04-13"
"Castilla-La Mancha","2020-04-01","2020-03-30","2020-04-03","2020-04-02","2020-04-01","2020-04-03","2020-04-02","2020-04-01","2020-04-02",,,,,,,,,"2020-03-15","2020-05-18","2020-03-14",,"2020-03-15",,"2020-03-15",,"2020-03-15","2020-04-13"
"Catalonia","2020-04-02","2020-03-31","2020-04-04","2020-04-03","2020-04-02","2020-04-04","2020-04-02","2020-04-01","2020-04-04",,,,,,,,,"2020-03-15","2020-05-25","2020-03-14",,"2020-03-11",,"2020-03-12","2020-06-22","2020-03-15","2020-05-25"
"Ceará","2020-06-06","2020-06-01","2020-06-10","2020-06-07","2020-06-04","2020-06-09","2020-06-06","2020-06-04","2020-06-09",16384,766,12854,658,3530,108,,,"2020-05-05",,"2020-03-16",,"2020-03-16",,"2020-03-20",,"2020-03-20","2020-06-08"
"Central African Republic","2020-08-31","2020-06-14","2020-12-27","2020-09-01","2020-06-17","2020-12-27","2020-09-01","2020-06-16","2020-12-27",5520,59,3491,34,2029,25,,,,,"2020-03-27",,"2020-03-13",,"2020-03-26",,,
"Ceuta","2020-11-26","2019-12-21","2020-11-29","2020-11-27","2019-12-21","2020-11-30","2020-11-26","2019-12-21","2020-11-30",,,,,,,,,"2020-03-15","2020-05-11","2020-03-14",,"2020-03-15",,"2020-03-15",,"2020-03-15","2020-04-13"
"Chad","2020-05-07","2020-05-06","2020-12-27","2020-05-09","2020-05-08","2020-12-27","2020-05-08","2020-05-08","2020-12-27",8114,54,3061,14,5053,40,,,,,"2020-03-20",,"2020-03-19",,"2020-03-23",,,
"Chiapas","2020-09-19","2020-06-14","2020-12-27","2020-09-20","2020-06-15","2020-12-27","2020-09-20","2020-06-15","2020-12-27",6028,257,4366,221,1662,36,,,,,"2020-03-22",,"2020-03-15",,"2020-03-23",,"2020-03-30",
"Chihuahua","2020-12-27","2020-08-27","2020-12-27","2020-12-27","2020-08-27","2020-12-27","2020-12-27","2020-08-27","2020-12-27",3670,205,2606,174,1064,31,,,,,"2020-03-23",,"2020-03-25",,"2020-03-24",,"2020-03-24",
"Chile","2020-07-13","2020-07-10","2020-11-28","2020-07-14","2020-07-11","2020-11-28","2020-07-14","2020-07-11","2020-11-27",36696,686,27599,610,9097,76,,,,,"2020-03-16",,"2020-03-16",,"2020-03-21",,,
"Coahuila","2020-09-10","2020-06-14","2020-12-27","2020-09-11","2020-06-15","2020-12-27","2020-09-11","2020-06-15","2020-12-27",3332,158,2397,135,935,23,,,,,"2020-03-19",,"2020-03-18",,"2020-03-23",,"2020-03-30",
"Colima","2020-11-21","2020-05-30","2020-11-25","2020-11-21","2020-05-29","2020-11-26","2020-11-21","2020-05-28","2020-11-26",1367,42,925,34,442,8,,,,,"2020-03-16",,"2020-03-16",,"2020-03-18",,"2020-03-18",
"Colombia","2020-12-27","2020-08-03","2020-12-27","2020-12-27","2020-08-04","2020-12-27","2020-12-27","2020-08-04","2020-12-27",72203,4186,50230,2359,21973,1827,"2020-03-25","2020-06-15","2020-03-25","2020-06-15","2020-03-16",,"2020-03-16",,"2020-03-19",,"2020-03-25","2020-04-27"
"Colorado","2020-04-17","2020-04-14","2020-12-27","2020-04-19","2020-04-16","2020-12-27","2020-04-17","2020-04-16","2020-12-27",12485,1484,7633,929,4852,555,,,"2020-03-26","2020-05-09","2020-03-23",,"2020-03-19",,"2020-03-17",,"2020-03-26","2020-05-09"
"Community of Madrid","2020-03-28","2020-03-26","2020-03-30","2020-03-29","2020-03-28","2020-03-30","2020-03-28","2020-03-27","2020-03-29",,,,,,,,,"2020-03-15","2020-05-25","2020-03-11",,"2020-03-15",,"2020-03-13",,"2020-03-13","2020-04-13"
"Comoros","2020-07-29","2019-12-21","2020-12-27","2020-07-30","2019-12-21","2020-12-27","2020-07-30","2019-12-21","2020-12-27",1217,3,592,1,625,2,,,,,"2020-03-20","2020-07-01","2020-03-16",,,,,
"Congo","2020-10-20","2019-12-21","2020-12-25","2020-10-23","2019-12-21","2020-12-26","2020-10-23","2019-12-21","2020-12-26",8162,75,5264,45,2898,30,,,"2020-03-31","2020-05-18","2020-03-19",,"2020-03-19",,"2020-03-19",,"2020-03-31","2020-05-18"
"Connecticut","2020-04-21","2020-04-18","2020-04-25","2020-04-22","2020-04-21","2020-04-25","2020-04-22","2020-04-20","2020-04-24",8501,537,6762,437,1739,100,,,,,"2020-03-17",,"2020-03-12",,"2020-03-16",,"2020-03-23","2020-05-20"
"Costa Rica","2020-12-27","2019-12-21","2020-12-27","2020-12-27","2019-12-21","2020-12-27","2020-12-27","2019-12-21","2020-12-27",5455,180,4512,141,943,39,"2020-04-08","2020-04-13","2020-03-24","2020-05-01","2020-03-16",,"2020-03-09",,"2020-03-23",,,
"Croatia","2020-12-15","2019-12-21","2020-12-18","2020-12-15","2019-12-21","2020-12-19","2020-12-15","2019-12-21","2020-12-18",22167,634,18377,461,3790,173,"2020-03-23","2020-05-25","2020-03-17","2020-05-11","2020-03-16","2020-05-25","2020-03-09",,"2020-03-19",,"2020-03-19","2020-04-27"
"Cuba","2020-11-22","2020-11-20","2020-11-25","2020-11-23","2020-11-20","2020-11-25","2020-11-22","2020-11-20","2020-11-25",28602,712,12365,97,16237,615,"2020-04-11",,,,"2020-03-24",,"2020-03-20",,"2020-03-24",,,
"Cyprus","2020-03-29","2020-03-26","2020-03-29","2020-03-29","2020-03-29","2020-03-29","2020-03-29","2020-03-29","2020-03-29",3641,91,2898,65,743,26,,,"2020-03-24","2020-05-04","2020-03-13","2020-05-21","2020-03-24",,"2020-03-24",,"2020-03-24","2020-05-04"
"Czechia","2020-04-05","2020-04-03","2020-04-07","2020-04-06","2020-04-06","2020-04-08","2020-04-06","2020-04-05","2020-04-07",71613,1238,51663,747,19950,491,,,"2020-03-16","2020-04-20","2020-03-10",,"2020-03-10",,"2020-03-10",,"2020-03-14","2020-04-20"
"Côte d'Ivoire","2020-12-27","2020-10-05","2020-12-27","2020-12-27","2020-10-07","2020-12-27","2020-12-27","2020-10-07","2020-12-27",12936,86,7332,43,5604,43,,,,,"2020-03-16",,"2020-03-16",,"2020-03-18",,,
"Delaware","2020-05-10","2020-04-29","2020-05-11","2020-05-10","2020-05-04","2020-05-10","2020-05-10","2020-05-03","2020-05-10",2633,166,1937,125,696,41,,,"2020-03-24","2020-06-01","2020-03-16",,"2020-03-16",,"2020-03-16",,"2020-03-24","2020-05-08"
"Democratic Republic of the Congo","2020-10-03","2020-09-19","2020-12-02","2020-10-05","2020-09-23","2020-12-06","2020-10-05","2020-09-22","2020-12-07",78062,886,49693,528,28369,358,,,,,"2020-03-19",,"2020-03-19",,"2020-03-19",,,
"Denmark","2020-04-04","2020-04-02","2020-04-10","2020-04-07","2020-04-04","2020-04-09","2020-04-06","2020-04-04","2020-04-08",16756,377,13591,278,3165,99,,,,,"2020-03-16",,"2020-03-18",,"2020-03-18",,,
"District of Columbia","2020-05-03","2020-04-27","2020-05-06","2020-05-03","2020-04-30","2020-05-06","2020-05-03","2020-04-30","2020-05-04",3939,256,2845,189,1094,67,,,"2020-03-30","2020-05-29","2020-03-16",,"2020-03-13",,"2020-03-16",,"2020-03-25","2020-05-29"
"Distrito Federal","2020-07-19","2020-07-16","2020-07-22","2020-07-20","2020-07-17","2020-07-24","2020-07-20","2020-07-17","2020-07-23",8206,1010,6491,872,1715,138,,,,,"2020-03-12",,"2020-03-12",,"2020-03-15",,"2020-03-19","2020-05-27"
"Djibouti","2020-05-29","2020-05-28","2020-12-10","2020-05-29","2020-05-28","2020-12-20","2020-05-29","2020-05-28","2020-12-18",1659,5,804,2,855,3,,,"2020-03-23","2020-05-17","2020-03-19",,"2020-03-22",,"2020-03-22",,"2020-03-23","2020-05-17"
"Dominican Republic","2020-09-10","2020-09-08","2020-12-27","2020-09-11","2020-09-09","2020-12-27","2020-09-11","2020-09-08","2020-12-27",11159,565,4695,349,6464,216,"2020-03-19","2020-04-13",,,"2020-03-19",,"2020-03-25",,"2020-03-19",,"2020-03-19","2020-05-20"
"Durango","2020-12-27","2020-08-03","2020-12-27","2020-12-27","2020-08-03","2020-12-27","2020-12-27","2020-08-03","2020-12-27",1739,57,1013,42,726,15,,,"2020-04-19",,"2020-03-22",,"2020-04-02",,"2020-03-29",,"2020-03-30",
"Ecuador","2020-04-03","2020-04-02","2020-09-22","2020-04-05","2020-04-05","2020-09-22","2020-04-04","2020-04-04","2020-09-22",19878,807,10333,543,9545,264,"2020-03-18","2020-06-01","2020-03-17",,"2020-03-13",,"2020-03-15",,"2020-03-15",,"2020-03-17",
"Egypt","2020-12-27","2020-08-28","2020-12-27","2020-12-27","2020-08-28","2020-12-27","2020-12-27","2020-08-28","2020-12-27",130500,10768,56637,3654,73863,7114,,,,,"2020-03-15",,"2020-03-09",,"2020-03-24",,,
"El Salvador","2020-12-27","2020-08-24","2020-12-27","2020-12-27","2020-08-25","2020-12-27","2020-12-27","2020-08-24","2020-12-27",5709,68,3927,45,1782,23,,,"2020-03-11","2020-06-16","2020-03-11",,"2020-03-11",,"2020-03-14",,,
"Emilia-Romagna","2020-03-28","2020-03-25","2020-04-01","2020-03-29","2020-03-27","2020-03-31","2020-03-28","2020-03-27","2020-03-31",15091,466,11707,327,3384,139,"2020-03-22","2020-05-04","2020-03-11","2020-06-03","2020-03-01",,"2020-03-07",,"2020-03-07","2020-06-15","2020-03-11","2020-04-14"
"Equatorial Guinea","2020-07-26","2020-05-15","2020-12-27","2020-07-27","2020-05-16","2020-12-27","2020-07-27","2020-05-16","2020-12-27",2002,19,1296,11,706,8,,,"2020-03-31",,"2020-03-17",,"2020-03-17",,"2020-03-23",,"2020-03-31",
"Eritrea","2020-08-31","2020-06-12","2020-12-27","2020-09-01","2020-06-15","2020-12-27","2020-09-01","2020-06-15","2020-12-27",5206,20,2470,7,2736,13,,,"2020-04-01",,"2020-03-27",,"2020-03-23",,"2020-03-23",,"2020-04-01",
"Espírito Santo","2020-12-23","2020-07-05","2020-12-27","2020-12-25","2020-07-06","2020-12-27","2020-12-25","2020-07-08","2020-12-27",7441,612,5845,526,1596,86,,,,,"2020-03-16",,"2020-03-17",,"2020-03-17",,"2020-03-20",
"Estonia","2020-04-14","2020-04-03","2020-04-14","2020-04-11","2020-04-10","2020-04-14","2020-04-13","2020-04-09","2020-04-14",6401,145,4526,86,1875,59,,,,,"2020-03-16","2020-05-15","2020-03-13",,"2020-03-13",,,
"Eswatini","2020-09-05","2019-12-21","2020-11-13","2020-09-08","2019-12-21","2020-11-15","2020-09-07","2019-12-21","2020-11-15",2193,56,1363,32,830,24,,,"2020-03-27",,"2020-03-17",,"2020-03-17",,"2020-03-27",,"2020-03-27","2020-04-15"
"Extremadura","2020-04-01","2020-03-30","2020-04-03","2020-04-02","2020-04-01","2020-04-03","2020-04-02","2020-04-01","2020-04-02",,,,,,,,,"2020-03-15","2020-05-11","2020-03-14",,"2020-03-15",,"2020-03-15",,"2020-03-15","2020-04-13"
"Finland","2020-04-23","2020-04-19","2020-04-25","2020-04-23","2020-04-22","2020-04-25","2020-04-23","2020-04-21","2020-04-24",24624,301,18223,199,6401,102,"2020-03-25",,,,"2020-03-18",,"2020-03-12",,"2020-03-18","2020-06-01","2020-04-04","2020-06-01"
"Florida","2020-09-16","2020-07-06","2020-09-19","2020-09-17","2020-07-07","2020-09-19","2020-09-16","2020-07-06","2020-09-19",60546,5351,40362,3655,20184,1696,,,"2020-04-03","2020-05-18","2020-03-17",,"2020-04-03","2020-06-05","2020-03-17",,,
"France","2020-04-05","2020-04-03","2020-04-07","2020-04-06","2020-04-05","2020-04-07","2020-04-05","2020-04-05","2020-04-07",409348,6180,309273,4204,100075,1976,"2020-03-17","2020-05-11","2020-03-18","2020-05-11","2020-03-13","2020-05-25","2020-03-04",,"2020-03-15",,"2020-03-15","2020-05-11"
"Friuli-Venezia Giulia","2020-11-18","2020-03-24","2020-11-20","2020-11-18","2020-03-27","2020-11-20","2020-11-18","2020-03-27","2020-11-20",4087,125,3169,87,918,38,"2020-03-22","2020-05-04","2020-03-11","2020-06-03","2020-03-05",,"2020-03-11",,"2020-03-11","2020-06-15","2020-03-11","2020-04-14"
"Gabon","2020-09-28","2020-06-20","2020-10-05","2020-09-30","2020-06-19","2020-10-05","2020-09-30","2020-06-20","2020-10-05",2454,23,1586,14,868,9,,,,,"2020-03-13",,"2020-03-13",,"2020-03-13",,,
"Galicia","2020-12-27","2020-04-02","2020-12-27","2020-12-27","2020-04-04","2020-12-27","2020-12-27","2020-04-04","2020-12-27",,,,,,,,,"2020-03-15","2020-05-11","2020-03-14",,"2020-03-15",,"2020-03-15","2020-06-22","2020-03-15","2020-04-13"
"Gambia","2020-12-27","2019-12-21","2020-12-27","2020-12-27","2019-12-21","2020-12-28","2020-12-27","2019-12-21","2020-12-28",2024,10,1161,5,863,5,,,,,"2020-03-18",,"2020-03-18",,"2020-03-18",,"2020-03-27",
"Georgia","2019-12-21","2019-12-21","2019-12-21","2019-12-21","2019-12-21","2019-12-21","2019-12-21","2019-12-21","2019-12-21",11899,307,4066,55,7833,252,"2020-03-24","2020-04-27",,,"2020-03-02",,"2020-03-23",,"2020-03-21",,"2020-03-21","2020-04-27"
"Georgia","2020-12-22","2020-04-18","2020-12-25","2020-12-22","2020-04-20","2020-12-26","2020-12-22","2020-04-19","2020-12-25",28928,2182,20605,1592,8323,590,,,"2020-04-03",,"2020-03-18",,"2020-03-24",,"2020-03-24",,,
"Germany","2020-12-22","2020-04-12","2020-12-27","2020-12-27","2020-04-14","2020-12-27","2020-12-27","2020-04-13","2020-12-27",669979,26245,534618,21110,135361,5135,,,,,,,,,,,,
"Ghana","2020-09-17","2020-06-19","2020-09-22","2020-09-18","2020-06-20","2020-09-22","2020-09-18","2020-06-20","2020-09-22",22802,132,13531,71,9271,61,,,,,"2020-03-16",,"2020-03-15",,"2020-03-24",,,
"Gilgit-Baltistan","2020-12-27","2020-05-29","2020-12-27","2020-12-27","2020-05-31","2020-12-27","2020-12-27","2020-05-31","2020-12-27",1395,37,1019,26,376,11,,,"2020-03-24","2020-05-09","2020-03-13",,"2020-03-24",,"2020-03-24",,"2020-03-24","2020-04-15"
"Goiás","2020-08-01","2020-07-29","2020-12-27","2020-08-02","2020-07-30","2020-12-27","2020-08-02","2020-07-30","2020-12-27",16103,916,12679,789,3424,127,,,,,"2020-03-18",,"2020-03-13",,"2020-03-17",,"2020-03-20","2020-04-19"
"Greece","2020-04-04","2020-03-26","2020-04-04","2020-04-04","2020-04-01","2020-04-04","2020-04-04","2020-04-01","2020-04-04",44137,629,31123,390,13014,239,"2020-03-23",,"2020-03-23","2020-05-04","2020-03-11",,"2020-03-08",,"2020-03-12",,"2020-03-22","2020-05-04"
"Guam","2020-12-27","2019-12-21","2020-12-27","2020-12-27","2019-12-21","2020-12-27","2020-12-27","2019-12-21","2020-12-27",266,9,185,6,81,3,"2020-04-11",,,,"2020-03-17",,"2020-03-16",,"2020-03-20",,"2020-03-20","2020-05-07"
"Guanajuato","2020-12-27","2020-08-21","2020-12-27","2020-12-27","2020-08-21","2020-12-27","2020-12-27","2020-08-21","2020-12-27",5037,255,2992,193,2045,62,,,,,"2020-03-16",,"2020-03-24",,"2020-03-23",,"2020-03-30",
"Guatemala","2020-08-17","2020-08-15","2020-12-27","2020-08-19","2020-08-16","2020-12-27","2020-08-18","2020-08-16","2020-12-27",9487,367,6437,240,3050,127,,,,,"2020-03-16",,"2020-03-16",,,,,
"Guerrero","2020-11-19","2020-11-08","2020-12-05","2020-11-21","2020-11-09","2020-12-07","2020-11-20","2020-11-08","2020-12-06",2537,88,1235,56,1302,32,,,,,"2020-03-22",,"2020-03-24",,"2020-03-23",,"2020-04-04",
"Guinea","2020-12-27","2020-11-13","2020-12-27","2020-12-27","2020-11-15","2020-12-27","2020-12-27","2020-11-14","2020-12-27",4480,34,2506,16,1974,18,,,,,"2020-03-26",,"2020-03-26",,"2020-03-26",,,
"Guinea-Bissau","2020-12-27","2019-12-21","2020-12-27","2020-12-27","2019-12-21","2020-12-27","2020-12-27","2019-12-21","2020-12-27",1740,9,990,4,750,5,,,"2020-03-28",,"2020-03-17",,"2020-03-15",,"2020-03-15",,"2020-04-03",
"Guyana","2020-12-27","2019-12-21","2020-12-27","2020-12-27","2019-12-21","2020-12-27","2020-12-27","2019-12-21","2020-12-27",1579,18,1413,16,166,2,,,"2020-05-04",,"2020-03-16",,"2020-04-02",,"2020-04-02",,"2020-05-04",
"Haiti","2020-11-04","2020-10-06","2020-11-08","2020-11-05","2020-10-07","2020-11-08","2020-11-04","2020-10-07","2020-11-08",9929,144,6235,90,3694,54,"2020-03-20",,,,"2020-03-20",,"2020-03-20",,"2020-03-20",,,
"Hamburg","2020-12-15","2020-04-15","2020-12-18","2020-12-15","2020-04-18","2020-12-18","2020-12-15","2020-04-17","2020-12-18",,,,,,,,,"2020-03-22","2020-05-04","2020-03-16",,"2020-03-22",,"2020-03-15",,,
"Hawaii","2020-12-05","2020-04-05","2020-12-09","2020-12-06","2020-04-09","2020-12-09","2020-12-05","2020-04-09","2020-12-09",3467,173,2510,128,957,45,,,"2020-03-25","2020-06-10","2020-03-19",,"2020-03-17",,"2020-03-17",,"2020-03-25","2020-05-01"
"Hesse","2020-12-18","2020-04-12","2020-12-21","2020-12-19","2020-04-14","2020-12-21","2020-12-19","2020-04-13","2020-12-21",,,,,,,,,"2020-03-22","2020-05-09","2020-03-16",,"2020-03-22",,"2020-03-15",,,
"Hidalgo","2020-10-03","2020-05-24","2020-10-06","2020-10-04","2020-05-27","2020-10-06","2020-10-04","2020-05-26","2020-10-06",2073,103,1233,78,840,25,,,,,"2020-03-22",,"2020-03-24",,"2020-03-29",,"2020-03-30",
"Honduras","2020-09-09","2020-06-16","2020-12-27","2020-09-10","2020-06-16","2020-12-27","2020-09-10","2020-06-16","2020-12-27",7726,85,6747,76,979,9,"2020-03-16","2020-06-08","2020-03-19","2020-06-08","2020-03-13",,"2020-03-14",,"2020-03-16",,"2020-03-16","2020-04-16"
"Hungary","2020-04-20","2020-04-17","2020-04-23","2020-04-22","2020-04-20","2020-04-23","2020-04-20","2020-04-20","2020-04-23",66733,1290,47361,760,19372,530,,,"2020-03-28","2020-05-18","2020-03-16",,"2020-03-12",,"2020-03-12",,"2020-03-16","2020-05-18"
"Iceland","2019-12-21","2019-12-21","2019-12-21","2019-12-21","2019-12-21","2019-12-21","2019-12-21","2019-12-21","2019-12-21",1190,28,954,20,236,8,,,,,"2020-03-16","2020-05-04","2020-03-16",,"2020-03-24","2020-05-25",,
"Idaho","2020-04-08","2020-04-08","2020-12-27","2020-04-08","2020-04-08","2020-12-27","2020-04-08","2020-04-08","2020-12-27",3951,338,2133,187,1818,151,,,"2020-03-25","2020-05-01","2020-03-23",,"2020-03-25","2020-05-01","2020-03-25","2020-06-13","2020-03-25","2020-05-01"
"Illinois","2020-05-08","2020-05-02","2020-05-13","2020-05-09","2020-05-05","2020-05-12","2020-05-09","2020-05-05","2020-05-12",36072,2910,21520,1779,14552,1131,,,"2020-03-21","2020-05-29","2020-03-17",,"2020-03-13",,"2020-03-16",,"2020-03-21","2020-05-01"
"Indiana","2020-04-26","2020-04-20","2020-05-06","2020-04-29","2020-04-24","2020-05-04","2020-04-27","2020-04-24","2020-05-03",20450,1763,11965,1057,8485,706,,,"2020-03-25","2020-05-18","2020-03-19",,"2020-03-12",,"2020-03-16",,"2020-03-24","2020-05-18"
"Iowa","2020-05-21","2020-05-15","2020-05-23","2020-05-21","2020-05-18","2020-05-23","2020-05-21","2020-05-17","2020-05-22",9866,584,5569,337,4297,247,,,,,"2020-04-04",,"2020-03-17","2020-06-12","2020-03-17",,"2020-03-17","2020-05-08"
"Iran (Islamic Republic of)","2020-09-09","2020-09-07","2020-12-27","2020-09-10","2020-09-08","2020-12-27","2020-09-10","2020-09-07","2020-12-27",121020,5865,75035,3376,45985,2489,"2020-03-19","2020-04-09",,,"2020-02-24",,"2020-02-24","2020-05-26","2020-03-04",,,
"Iraq","2020-12-27","2020-08-08","2020-12-27","2020-12-27","2020-08-09","2020-12-27","2020-12-27","2020-08-09","2020-12-27",49302,4327,30282,2458,19020,1869,,,"2020-03-17","2020-04-21","2020-02-27",,"2020-02-25",,"2020-02-27",,,
"Ireland","2020-04-15","2020-04-13","2020-12-27","2020-04-16","2020-04-15","2020-12-27","2020-04-16","2020-04-15","2020-12-27",16046,269,14497,221,1549,48,,,"2020-03-27","2020-05-18","2020-03-12",,"2020-03-12",,"2020-03-15",,"2020-03-24","2020-05-18"
"Islamabad Capital Territory","2020-12-27","2020-06-09","2020-12-27","2020-12-27","2020-06-14","2020-12-27","2020-12-27","2020-06-13","2020-12-27",2490,54,1854,39,636,15,,,"2020-03-21","2020-05-09","2020-03-13",,"2020-03-21",,"2020-03-21",,"2020-03-21","2020-04-15"
"Israel","2020-04-09","2020-04-07","2020-04-13","2020-04-10","2020-04-09","2020-04-13","2020-04-09","2020-04-09","2020-04-12",39240,418,36476,338,2764,80,,,"2020-03-25","2020-04-19","2020-03-12","2020-05-18","2020-03-04",,"2020-03-15",,"2020-03-25","2020-05-03"
"Italy","2020-03-29","2020-03-28","2020-12-06","2020-03-30","2020-03-29","2020-12-05","2020-03-29","2020-03-29","2020-12-05",209893,6358,162810,4467,47083,1891,,,,,,,,,,,,
"Jalisco","2020-10-01","2020-06-11","2020-10-04","2020-10-02","2020-06-13","2020-10-04","2020-10-02","2020-06-13","2020-10-04",8782,341,6102,287,2680,54,,,"2020-04-19",,"2020-03-16",,"2020-03-24",,"2020-03-23",,"2020-03-30",
"Jamaica","2020-12-09","2019-12-21","2020-12-13","2020-12-09","2019-12-21","2020-12-13","2020-12-09","2019-12-21","2020-12-13",4488,107,2915,69,1573,38,,,,,"2020-03-13",,"2020-03-18",,"2020-03-18",,,
"Japan","2020-05-01","2020-04-28","2020-12-27","2020-05-01","2020-05-01","2020-12-27","2020-05-01","2020-05-01","2020-12-27",1511895,7510,1172402,5481,339493,2029,,,,,"2020-03-02","2020-06-02",,,,,,
"Jordan","2020-12-27","2019-12-21","2020-12-27","2020-12-27","2019-12-21","2020-12-27","2020-12-27","2019-12-21","2020-12-27",18224,1407,11322,812,6902,595,"2020-03-18",,"2020-03-21",,"2020-03-15",,"2020-03-14",,"2020-03-14","2020-05-12","2020-03-18","2020-04-21"
"Kansas","2020-12-27","2020-04-11","2020-12-27","2020-12-27","2020-04-15","2020-12-27","2020-12-27","2020-04-14","2020-12-27",11329,678,6518,399,4811,279,,,"2020-03-30","2020-05-04","2020-03-17",,"2020-03-17",,"2020-03-30",,,
"Kazakhstan","2020-09-15","2020-06-15","2020-12-27","2020-09-17","2020-06-15","2020-12-27","2020-09-17","2020-06-15","2020-12-27",123782,4027,109819,3182,13963,845,"2020-03-16","2020-06-01","2020-03-28","2020-05-22","2020-03-16",,"2020-03-28",,"2020-03-16",,"2020-03-16","2020-05-11"
"Kentucky","2020-04-14","2020-04-12","2020-12-27","2020-04-15","2020-04-13","2020-12-27","2020-04-13","2020-04-13","2020-12-27",16156,1215,9946,766,6210,449,,,,,"2020-03-20",,"2020-03-19",,"2020-03-16",,"2020-03-26","2020-05-11"
"Kenya","2020-11-05","2020-10-03","2020-12-27","2020-11-06","2020-10-06","2020-12-27","2020-11-06","2020-10-06","2020-12-27",59967,557,28993,222,30974,335,,,,,"2020-03-20",,"2020-03-22",,"2020-03-22",,,
"Khyber Pakhtunkhwa","2020-10-30","2020-10-27","2020-11-03","2020-11-01","2020-10-29","2020-11-04","2020-10-31","2020-10-29","2020-11-03",24346,668,17799,472,6547,196,,,"2020-03-22","2020-05-09","2020-03-13",,"2020-03-22",,"2020-03-22",,"2020-03-22","2020-04-15"
"Kuwait","2020-10-01","2020-09-29","2020-10-04","2020-10-02","2020-09-30","2020-10-04","2020-10-02","2020-09-30","2020-10-04",8290,598,5207,350,3083,248,"2020-05-10",,"2020-05-10",,"2020-03-01",,"2020-03-18",,"2020-03-14",,"2020-05-10","2020-05-31"
"Kyrgyzstan","2020-09-02","2020-06-11","2020-12-27","2020-09-03","2020-06-14","2020-12-27","2020-09-03","2020-06-14","2020-12-27",32481,720,29273,577,3208,143,,,,,"2020-03-16",,"2020-03-17",,"2020-03-22",,"2020-03-22","2020-05-01"
"La Rioja","2020-04-06","2020-04-04","2020-10-31","2020-04-06","2020-04-05","2020-10-31","2020-04-06","2020-04-05","2020-10-31",,,,,,,,,"2020-03-15","2020-05-11","2020-03-14",,"2020-03-15",,"2020-03-15",,"2020-03-15","2020-04-13"
"Latvia","2020-04-24","2020-04-12","2020-04-24","2020-04-21","2020-04-21","2020-04-24","2020-04-21","2020-04-21","2020-04-24",11547,191,8262,115,3285,76,,,,,"2020-03-12",,"2020-03-13",,,,,
"Lazio","2020-11-12","2020-11-04","2020-11-15","2020-11-12","2020-04-02","2020-11-15","2020-11-12","2020-11-04","2020-11-14",19011,586,14739,411,4272,175,"2020-03-22","2020-05-04","2020-03-11","2020-06-03","2020-03-05",,"2020-03-11",,"2020-03-11","2020-06-15","2020-03-11","2020-04-14"
"Lebanon","2020-12-07","2020-11-10","2020-12-11","2020-12-08","2020-11-11","2020-12-11","2020-12-07","2020-11-09","2020-12-11",14849,927,9350,545,5499,382,,,"2020-03-15","2020-05-04","2020-03-03",,"2020-03-15",,"2020-03-15",,"2020-03-15","2020-05-04"
"Liberia","2020-12-27","2020-04-14","2020-12-27","2020-12-27","2020-04-21","2020-12-27","2020-12-27","2020-04-21","2020-12-27",3379,20,1929,10,1450,10,,,,,"2020-03-16",,"2020-03-21",,"2020-03-21",,"2020-04-14","2020-05-22"
"Libya","2020-12-27","2019-12-21","2020-12-27","2020-12-27","2019-12-21","2020-12-27","2020-12-27","2019-12-21","2020-12-27",24338,1361,15288,797,9050,564,,,,,"2020-03-16",,"2020-03-22",,"2020-03-22",,,
"Liguria","2020-04-01","2020-03-30","2020-11-14","2020-04-02","2020-03-31","2020-11-14","2020-04-01","2020-03-30","2020-11-14",5173,158,4010,110,1163,48,"2020-03-22","2020-05-04","2020-03-11","2020-06-03","2020-03-05",,"2020-03-11",,"2020-03-11","2020-06-15","2020-03-11","2020-04-14"
"Lithuania","2020-04-07","2020-04-03","2020-04-07","2020-04-07","2020-04-05","2020-04-07","2020-04-07","2020-04-04","2020-04-07",18377,423,13473,265,4904,158,,,"2020-03-15","2020-04-29","2020-03-16",,"2020-03-15",,"2020-03-14","2020-06-16","2020-03-15","2020-04-15"
"Lombardia","2020-03-26","2020-03-25","2020-11-17","2020-03-27","2020-03-27","2020-11-18","2020-03-27","2020-03-26","2020-11-17",33094,1021,25677,717,7417,304,"2020-03-08","2020-05-04","2020-03-08","2020-06-03","2020-03-01",,"2020-02-22",,"2020-02-22","2020-06-15","2020-03-08","2020-04-14"
"Louisiana","2020-04-12","2020-04-09","2020-04-16","2020-04-13","2020-04-11","2020-04-16","2020-04-13","2020-04-11","2020-04-15",18060,1242,10855,765,7205,477,,,"2020-03-23","2020-05-15","2020-03-16",,"2020-03-13","2020-05-15","2020-03-17",,"2020-03-22","2020-05-01"
"Lower Saxony","2020-12-27","2020-04-09","2020-12-27","2020-12-27","2020-04-11","2020-12-27","2020-12-27","2020-04-10","2020-12-27",,,,,,,,,"2020-03-23","2020-05-11","2020-03-16",,"2020-03-23",,"2020-03-27",,"2020-03-27","2020-04-20"
"Luxembourg","2020-04-07","2020-03-29","2020-04-07","2020-04-07","2020-04-04","2020-04-07","2020-04-07","2020-04-03","2020-04-07",2947,114,2086,71,861,43,,,,,"2020-03-16",,"2020-03-13",,"2020-03-18",,"2020-03-18","2020-04-20"
"Madagascar","2020-10-26","2019-12-21","2020-11-30","2020-10-29","2019-12-21","2020-11-27","2020-10-29","2019-12-21","2020-11-28",9509,51,4428,19,5081,32,"2020-03-21",,,,"2020-03-20",,"2020-03-20",,"2020-03-20",,,
"Maine","2020-04-21","2020-04-08","2020-05-25","2020-04-20","2020-04-15","2020-04-21","2020-04-20","2020-04-15","2020-04-21",3814,244,2752,180,1062,64,,,"2020-04-02","2020-05-31","2020-03-16",,"2020-03-18",,"2020-03-18",,"2020-03-25","2020-05-01"
"Malawi","2020-09-15","2019-12-21","2020-12-02","2020-09-17","2019-12-21","2020-12-03","2020-09-16","2019-12-21","2020-12-03",19290,69,9258,27,10032,42,,,,,"2020-03-23",,"2020-03-23",,"2020-04-09",,,
"Malaysia","2020-03-27","2020-03-26","2020-03-29","2020-03-30","2020-03-28","2020-04-01","2020-03-30","2020-03-27","2020-03-31",59952,978,40255,645,19697,333,"2020-03-18",,"2020-03-18",,"2020-03-18",,"2020-03-13",,"2020-03-18",,"2020-03-18","2020-05-04"
"Maldives","2019-12-21","2019-12-21","2019-12-21","2019-12-21","2019-12-21","2019-12-21","2019-12-21","2019-12-21","2019-12-21",955,13,634,8,321,5,,,"2020-04-15",,"2020-03-14",,"2020-03-16",,"2020-03-15",,,
"Mali","2020-12-27","2020-05-24","2020-12-27","2020-12-27","2020-05-23","2020-12-27","2020-12-27","2020-05-23","2020-12-27",6179,51,3445,25,2734,26,,,,,"2020-03-19",,"2020-03-19",,"2020-03-19",,,
"Malta","2019-12-21","2019-12-21","2019-12-21","2019-12-21","2019-12-21","2019-12-21","2019-12-21","2019-12-21","2019-12-21",2118,37,1738,27,380,10,,,,,"2020-03-13",,"2020-03-03",,"2020-03-17",,"2020-03-23","2020-05-22"
"Manitoba","2020-12-15","2019-12-21","2020-12-19","2020-12-15","2019-12-21","2020-12-20","2020-12-15","2019-12-21","2020-12-20",,,,,,,,,,,"2020-03-23",,"2020-03-20",,"2020-03-20",,"2020-04-01","2020-05-04"
"Maranhão","2020-06-10","2020-06-06","2020-10-26","2020-06-12","2020-06-09","2020-10-26","2020-06-11","2020-06-08","2020-10-27",12110,456,9464,391,2646,65,,,,,"2020-03-17",,"2020-03-21",,"2020-03-21",,"2020-03-21",
"Marche","2020-03-27","2020-03-26","2020-12-12","2020-03-28","2020-03-27","2020-12-12","2020-03-28","2020-03-27","2020-12-12",5431,164,4214,115,1217,49,"2020-03-22","2020-05-04","2020-03-11","2020-06-03","2020-03-05",,"2020-03-07",,"2020-03-07","2020-06-15","2020-03-11","2020-04-14"
"Maryland","2020-04-22","2020-04-19","2020-04-30","2020-04-25","2020-04-22","2020-04-29","2020-04-25","2020-04-22","2020-04-29",14350,1030,10389,764,3961,266,,,"2020-03-30",,"2020-03-16",,"2020-03-16","2020-06-10","2020-03-16",,"2020-03-23","2020-05-15"
"Massachusetts","2020-04-25","2020-04-22","2020-04-28","2020-04-25","2020-04-25","2020-04-25","2020-04-25","2020-04-25","2020-04-25",20197,1250,15348,973,4849,277,,,,,"2020-03-17",,"2020-03-13",,"2020-03-17",,"2020-03-24","2020-05-18"
"Mato Grosso","2020-07-14","2020-07-10","2020-07-16","2020-07-14","2020-07-11","2020-07-18","2020-07-14","2020-07-11","2020-07-17",6399,455,5024,391,1375,64,,,"2020-03-31",,"2020-03-23",,"2020-03-16",,"2020-03-26",,"2020-03-26","2020-04-22"
"Mato Grosso do Sul","2020-08-14","2020-07-15","2020-08-16","2020-08-15","2020-07-23","2020-08-17","2020-08-15","2020-07-16","2020-08-16",5092,311,3998,267,1094,44,,,,,"2020-03-23",,"2020-03-16",,,,,
"Mauritania","2020-12-27","2020-06-14","2020-12-27","2020-12-27","2020-06-14","2020-12-27","2020-12-27","2020-06-14","2020-12-27",1675,12,951,6,724,6,"2020-03-29",,,,"2020-03-16",,"2020-03-19",,"2020-03-19",,,
"Mauritius","2020-03-29","2020-03-29","2020-10-27","2020-03-29","2020-03-29","2020-10-27","2020-03-29","2020-03-29","2020-10-26",3258,42,2169,27,1089,15,"2020-03-23",,"2020-03-23",,"2020-03-19",,"2020-03-23",,"2020-03-23",,"2020-03-23",
"Mecklenburg-Vorpommern","2020-12-27","2020-04-04","2020-12-27","2020-12-27","2020-04-07","2020-12-27","2020-12-27","2020-04-07","2020-12-27",,,,,,,,,"2020-03-23","2020-05-07","2020-03-16",,"2020-03-23",,"2020-03-18",,"2020-03-18","2020-04-20"
"Melilla","2020-10-06","2019-12-21","2020-10-09","2020-10-06","2019-12-21","2020-10-10","2020-10-06","2019-12-21","2020-10-10",,,,,,,,,"2020-03-15","2020-05-11","2020-03-14",,"2020-03-15",,"2020-03-15",,"2020-03-15","2020-04-13"
"Mexico","2020-12-27","2020-12-27","2020-12-27","2020-12-27","2020-12-27","2020-12-27","2020-12-27","2020-12-27","2020-12-27",114658,5579,73383,4438,41275,1141,,,,,"2020-03-23",,"2020-03-24",,"2020-04-04",,"2020-04-04",
"Mexico City","2020-12-10","2020-11-25","2020-12-27","2020-12-12","2020-11-27","2020-12-27","2020-12-11","2020-11-27","2020-12-27",15917,906,9884,711,6033,195,,,,,"2020-03-19",,"2020-03-16",,"2020-03-30",,"2020-04-01","2020-06-01"
"Michigan","2020-04-14","2020-04-12","2020-04-17","2020-04-16","2020-04-14","2020-04-18","2020-04-15","2020-04-13","2020-04-17",28300,2164,18145,1421,10155,743,,,"2020-03-24","2020-06-01","2020-03-16",,"2020-03-13",,"2020-03-16",,"2020-03-23","2020-05-07"
"Michoacán de Ocampo","2020-12-27","2020-08-27","2020-12-27","2020-12-27","2020-08-28","2020-12-27","2020-12-27","2020-08-28","2020-12-27",3808,101,2151,73,1657,28,,,,,"2020-03-23",,"2020-03-15",,"2020-03-23",,"2020-03-30",
"Minas Gerais","2020-08-17","2020-08-15","2020-08-19","2020-08-18","2020-08-15","2020-08-19","2020-08-18","2020-08-15","2020-08-19",37646,2781,29580,2393,8066,388,,,,,"2020-03-20",,"2020-03-22",,"2020-03-22",,,
"Minnesota","2020-05-12","2020-05-02","2020-05-23","2020-05-12","2020-05-06","2020-05-14","2020-05-12","2020-05-05","2020-05-13",15196,1140,10212,785,4984,355,,,"2020-03-28","2020-05-18","2020-03-18",,"2020-03-28",,"2020-03-17","2020-06-10",,
"Mississippi","2020-05-17","2020-05-12","2020-05-21","2020-05-17","2020-05-14","2020-05-20","2020-05-17","2020-05-14","2020-05-20",14005,862,8272,521,5733,341,,,"2020-04-03","2020-04-27","2020-03-19",,"2020-03-24",,"2020-03-24",,"2020-04-03","2020-04-27"
"Missouri","2020-12-18","2020-05-02","2020-12-22","2020-12-19","2020-05-03","2020-12-22","2020-12-19","2020-05-03","2020-12-21",21575,1586,13642,1027,7933,559,,,"2020-04-06","2020-05-15","2020-03-23",,"2020-03-23",,"2020-03-23","2020-06-16",,
"Molise","2020-11-30","2020-03-19","2020-12-03","2020-11-30","2020-03-24","2020-12-03","2020-11-30","2020-03-24","2020-12-03",1077,32,834,22,243,10,"2020-03-22","2020-05-04","2020-03-11","2020-06-03","2020-03-05",,"2020-03-11",,"2020-03-11","2020-06-15","2020-03-11","2020-04-14"
"Monaco","2020-12-13","2019-12-21","2020-12-16","2020-12-13","2019-12-21","2020-12-16","2020-12-13","2019-12-21","2020-12-16",442,5,358,3,84,2,,,"2020-03-17","2020-05-04","2020-03-14",,"2020-03-17",,"2020-03-17",,,
"Montana","2020-12-27","2019-12-21","2020-12-27","2020-12-27","2019-12-21","2020-12-27","2020-12-27","2019-12-21","2020-12-27",4145,219,2475,134,1670,85,,,"2020-03-26","2020-04-26","2020-03-15",,"2020-03-24","2020-06-01","2020-03-20","2020-06-01","2020-03-26","2020-05-01"
"Montenegro","2019-12-21","2019-12-21","2019-12-21","2019-12-21","2019-12-21","2019-12-21","2019-12-21","2019-12-21","2019-12-21",2324,55,1676,33,648,22,"2020-03-17","2020-05-04",,,"2020-03-16",,"2020-03-13",,"2020-03-18",,"2020-03-18","2020-05-04"
"Morelos","2020-12-27","2020-05-12","2020-12-27","2020-12-27","2020-05-15","2020-12-27","2020-12-27","2020-05-14","2020-12-27",1397,77,890,61,507,16,,,,,"2020-03-17",,"2020-03-20",,"2020-03-23",,"2020-03-30",
"Morocco","2020-12-06","2020-12-01","2020-12-09","2020-12-07","2020-12-04","2020-12-10","2020-12-07","2020-12-04","2020-12-09",30930,2978,18788,1666,12142,1312,"2020-03-20",,"2020-03-18",,"2020-03-16",,"2020-03-05",,"2020-03-16",,"2020-03-16","2020-06-11"
"Mozambique","2020-10-31","2020-05-23","2020-11-26","2020-11-01","2020-05-26","2020-11-22","2020-11-01","2020-05-26","2020-11-26",20066,84,9483,32,10583,52,,,,,"2020-03-23",,"2020-03-23",,"2020-03-30",,,
"Murcia","2020-04-01","2020-03-30","2020-04-02","2020-04-02","2020-04-01","2020-04-02","2020-04-02","2020-03-31","2020-04-02",,,,,,,,,"2020-03-15","2020-05-11","2020-03-14",,"2020-03-15",,"2020-03-15",,"2020-03-15","2020-04-13"
"Myanmar","2019-12-21","2019-12-21","2019-12-21","2019-12-21","2019-12-21","2019-12-21","2019-12-21","2019-12-21","2019-12-21",32776,489,21041,305,11735,184,"2020-03-12",,,,"2020-03-24",,"2020-03-13",,"2020-03-24",,,
"México","2020-12-27","2020-08-15","2020-12-27","2020-12-27","2020-08-16","2020-12-27","2020-12-27","2020-08-16","2020-12-27",11191,522,6519,391,4672,131,,,"2020-04-02",,"2020-03-22",,"2020-03-24",,"2020-03-23",,"2020-04-02",
"Navarre","2020-03-29","2020-03-28","2020-04-15","2020-04-06","2020-04-01","2020-04-15","2020-04-06","2020-03-30","2020-04-15",,,,,,,,,"2020-03-15","2020-05-11","2020-03-14",,"2020-03-15",,"2020-03-15",,"2020-03-15","2020-04-13"
"Nayarit","2020-12-27","2020-12-18","2020-12-27","2020-12-27","2020-08-17","2020-12-27","2020-12-27","2020-08-17","2020-12-27",828,25,524,19,304,6,,,,,"2020-03-22",,"2020-03-15",,"2020-03-23",,"2020-03-30",
"Nebraska","2020-12-27","2020-05-05","2020-12-27","2020-12-27","2020-05-12","2020-12-27","2020-12-27","2020-05-11","2020-12-27",7413,569,4283,336,3130,233,,,,,"2020-04-02",,"2020-03-16",,"2020-03-19",,,
"Nepal","2020-12-13","2020-12-03","2020-12-17","2020-12-14","2020-12-05","2020-12-17","2020-12-13","2020-12-04","2020-12-17",5493,1107,3961,771,1532,336,"2020-03-24","2020-06-15","2020-03-24","2020-06-15","2020-03-18",,"2020-03-18",,"2020-03-18",,"2020-03-22","2020-06-15"
"Netherlands","2020-12-26","2020-04-05","2020-12-27","2020-12-26","2020-04-07","2020-12-27","2020-12-26","2020-04-06","2020-12-27",62370,1397,40095,756,22275,641,,,,,"2020-03-15","2020-06-15","2020-03-10",,"2020-03-12",,,
"Nevada","2020-04-13","2020-04-08","2020-12-27","2020-04-13","2020-04-12","2020-12-27","2020-04-13","2020-04-12","2020-12-27",8006,696,5758,513,2248,183,,,"2020-03-31","2020-05-09","2020-03-16","2020-06-10","2020-03-24",,"2020-03-18",,"2020-03-21","2020-05-09"
"New Brunswick","2020-12-27","2019-12-21","2019-12-21","2020-12-27","2019-12-21","2019-12-21","2020-12-27","2019-12-21","2019-12-21",,,,,,,,,,,"2020-03-13",,"2020-03-19",,"2020-03-17",,"2020-03-19","2020-05-08"
"New Hampshire","2020-12-27","2020-05-08","2020-12-27","2020-12-27","2020-05-13","2020-12-27","2020-12-27","2020-05-13","2020-12-27",3052,263,2033,179,1019,84,,,"2020-03-27","2020-06-16","2020-03-16",,"2020-03-16",,"2020-03-16",,"2020-03-28","2020-05-11"
"New Jersey","2020-04-19","2020-04-17","2020-04-22","2020-04-20","2020-04-19","2020-04-22","2020-04-20","2020-04-18","2020-04-21",25996,1643,18181,1177,7815,466,,,"2020-03-21","2020-06-09","2020-03-18",,"2020-03-16",,"2020-03-16",,"2020-03-21","2020-05-02"
"New Mexico","2020-05-10","2020-05-05","2020-12-27","2020-05-10","2020-05-08","2020-12-27","2020-05-10","2020-05-07","2020-12-27",4756,331,3003,214,1753,117,,,,,"2020-03-13",,"2020-03-12",,"2020-03-16",,"2020-03-24","2020-05-15"
"New York","2020-04-09","2020-04-07","2020-04-10","2020-04-08","2020-04-08","2020-04-09","2020-04-08","2020-04-08","2020-04-08",62232,3787,49221,3069,13011,718,,,"2020-03-22","2020-06-08","2020-03-18",,"2020-03-12",,"2020-03-16",,"2020-03-22","2020-06-08"
"New Zealand","2020-04-23","2020-04-11","2020-04-23","2020-04-20","2020-04-20","2020-04-23","2020-04-20","2020-04-20","2020-04-23",14421,268,11450,200,2971,68,,,"2020-03-24",,"2020-03-24",,"2020-03-16","2020-06-09","2020-03-25",,"2020-03-25",
"Newfoundland and Labrador","2020-11-12","2019-12-21","2020-11-15","2020-11-12","2019-12-21","2020-11-15","2020-11-12","2019-12-21","2020-11-16",,,,,,,,,,,"2020-03-17",,"2020-03-23",,"2020-03-23",,,
"Nicaragua","2020-12-27","2020-05-23","2020-12-27","2020-12-27","2020-05-30","2020-12-27","2020-12-27","2020-05-30","2020-12-27",5853,194,4019,128,1834,66,,,,,,,,,,,,
"Niger","2020-12-27","2020-05-05","2020-12-27","2020-12-27","2020-05-06","2020-12-27","2020-12-27","2020-05-05","2020-12-27",5402,48,2991,23,2411,25,,,,,"2020-03-17",,"2020-03-13","2020-05-25","2020-03-18",,,
"North Carolina","2020-05-08","2020-04-26","2020-12-27","2020-05-18","2020-04-29","2020-12-27","2020-05-19","2020-04-29","2020-12-27",24713,2096,17587,1528,7126,568,,,"2020-03-30","2020-05-08","2020-03-14",,"2020-03-14",,"2020-03-17",,"2020-03-30","2020-05-08"
"North Dakota","2020-05-18","2020-05-12","2020-05-18","2020-05-18","2020-05-14","2020-05-18","2020-05-18","2020-05-12","2020-05-18",3779,219,2234,132,1545,87,,,,,"2020-03-16",,,,"2020-03-20",,,
"North Macedonia","2020-08-05","2020-07-18","2020-12-27","2020-08-05","2020-07-23","2020-12-27","2020-08-05","2020-07-16","2020-12-27",8747,200,5349,92,3398,108,,,"2020-03-22","2020-05-13","2020-03-10",,"2020-03-22",,"2020-03-14",,"2020-03-14","2020-05-13"
"North Rhine-Westphalia","2020-12-21","2020-04-14","2020-12-23","2020-12-21","2020-04-16","2020-12-23","2020-12-21","2020-04-15","2020-12-23",,,,,,,,,"2020-03-23","2020-05-11","2020-03-16",,"2020-03-23",,"2020-02-26",,"2020-03-23","2020-04-20"
"Northwest Territories","2020-12-11","2019-12-21","2020-12-17","2020-12-12","2019-12-21","2020-12-16","2020-12-12","2019-12-21","2020-12-16",,,,,,,,,,,"2020-03-14",,"2020-03-22",,"2020-03-22",,,
"Norway","2020-04-07","2020-04-04","2020-04-10","2020-04-07","2020-04-07","2020-04-10","2020-04-07","2020-04-06","2020-04-08",20196,404,16778,306,3418,98,,,,,"2020-03-12","2020-05-15","2020-03-12",,"2020-03-12",,,
"Nova Scotia","2020-05-03","2020-04-22","2020-12-27","2020-04-30","2020-04-28","2020-12-27","2020-04-30","2020-04-28","2020-12-27",,,,,,,,,,,"2020-03-16",,"2020-03-15",,"2020-03-15",,,
"Nuevo León","2020-12-12","2020-08-03","2020-12-27","2020-12-14","2020-08-04","2020-12-27","2020-12-13","2020-08-04","2020-12-27",5748,430,4073,366,1675,64,,,,,"2020-03-22",,"2020-03-23",,"2020-03-24",,"2020-03-30",
"Nunavut","2020-12-17","2019-12-21","2020-12-20","2020-12-17","2019-12-21","2020-12-20","2020-12-17","2019-12-21","2020-12-20",,,,,,,,,,,"2020-03-17",,"2020-03-23",,,,,
"Oaxaca","2020-12-27","2020-12-18","2020-12-27","2020-12-27","2020-12-19","2020-12-27","2020-12-27","2020-12-19","2020-12-27",2807,66,1512,46,1295,20,,,,,"2020-03-22",,"2020-03-12",,"2020-03-23",,"2020-03-30",
"Ohio","2020-05-09","2020-04-30","2020-12-27","2020-05-09","2020-05-03","2020-12-27","2020-05-09","2020-05-03","2020-12-27",37351,3371,23060,2132,14291,1239,,,"2020-03-23","2020-05-20","2020-03-16",,"2020-03-12",,"2020-03-15",,"2020-03-23","2020-05-04"
"Oklahoma","2020-04-18","2020-04-09","2020-12-27","2020-04-17","2020-04-13","2020-12-27","2020-04-17","2020-04-13","2020-12-27",13153,1166,7695,699,5458,467,,,,,"2020-03-17",,"2020-03-24","2020-05-24","2020-04-01","2020-06-01","2020-04-01","2020-04-24"
"Oman","2020-10-08","2020-09-28","2020-10-11","2020-10-09","2020-10-01","2020-10-12","2020-10-08","2020-09-30","2020-10-12",7310,335,4550,193,2760,142,"2020-04-04",,,,"2020-03-15",,"2020-04-21",,"2020-03-31",,,
"Ontario","2020-12-27","2020-04-23","2020-12-27","2020-12-27","2020-04-24","2020-12-27","2020-12-27","2020-04-24","2020-12-27",,,,,,,,,,,"2020-03-16",,"2020-03-16",,"2020-03-16",,"2020-04-05","2020-05-04"
"Oregon","2020-11-27","2020-04-23","2020-12-01","2020-11-28","2020-04-25","2020-12-01","2020-11-28","2020-04-25","2020-12-01",7900,655,5242,445,2658,210,,,"2020-03-23","2020-06-19","2020-03-16",,"2020-03-12",,"2020-03-17",,,
"Pakistan","2020-10-13","2020-10-10","2020-10-29","2020-10-14","2020-10-11","2020-10-29","2020-10-14","2020-10-11","2020-10-29",117904,3468,85980,2447,31924,1021,,,"2020-03-24","2020-05-09","2020-03-15",,"2020-03-24",,"2020-03-24",,"2020-03-24","2020-04-15"
"Palestine","2020-12-27","2019-12-21","2020-12-27","2020-12-27","2019-12-21","2020-12-27","2020-12-27","2019-12-21","2020-12-27",7453,582,4604,333,2849,249,"2020-03-22",,"2020-03-22",,"2020-03-16",,"2020-03-22",,"2020-03-22",,"2020-03-22","2020-05-05"
"Panama","2020-09-12","2020-09-10","2020-12-27","2020-09-13","2020-09-11","2020-12-27","2020-09-13","2020-09-11","2020-12-27",8450,309,4622,150,3828,159,"2020-03-13","2020-06-01","2020-03-25","2020-06-01","2020-03-16",,"2020-03-25",,"2020-03-25",,"2020-03-25","2020-05-13"
"Papua New Guinea","2019-12-21","2019-12-21","2019-12-21","2019-12-21","2019-12-21","2019-12-21","2019-12-21","2019-12-21","2019-12-21",33478,860,23263,590,10215,270,"2020-03-24","2020-04-06","2020-03-24","2020-04-06","2020-03-23","2020-05-04","2020-03-24",,"2020-03-24",,"2020-03-24","2020-04-06"
"Paraguay","2020-11-01","2019-12-21","2020-12-17","2020-11-01","2019-12-21","2020-12-16","2020-11-01","2019-12-21","2020-12-17",7576,636,6103,557,1473,79,,,"2020-03-20",,"2020-03-11",,"2020-03-10",,"2020-03-12",,,
"Paraná","2020-08-05","2020-08-02","2020-08-07","2020-08-06","2020-08-03","2020-08-09","2020-08-06","2020-08-03","2020-08-08",24990,1871,19676,1612,5314,259,,,,,"2020-03-20",,"2020-03-16",,"2020-03-16",,"2020-03-21",
"Paraíba","2020-08-21","2020-06-12","2020-08-24","2020-08-22","2020-06-14","2020-08-24","2020-08-21","2020-06-14","2020-08-24",7438,403,5838,346,1600,57,,,,,"2020-03-19",,"2020-03-17",,"2020-03-29",,,
"Pará","2020-05-23","2020-05-20","2020-05-26","2020-05-25","2020-05-23","2020-05-27","2020-05-24","2020-05-22","2020-05-26",12221,605,9555,519,2666,86,"2020-04-06",,,,"2020-03-24",,"2020-03-27",,"2020-03-20",,"2020-03-20",
"Pennsylvania","2020-04-30","2020-04-27","2020-12-27","2020-05-02","2020-04-30","2020-12-27","2020-05-02","2020-04-29","2020-12-27",42658,3250,28263,2206,14395,1044,,,"2020-04-01","2020-06-05","2020-03-17",,"2020-04-01",,"2020-03-18",,"2020-03-23","2020-05-08"
"Pernambuco","2020-09-06","2020-05-21","2020-09-09","2020-09-07","2020-05-23","2020-09-09","2020-09-07","2020-05-23","2020-09-09",19260,1294,15109,1112,4151,182,,,,,"2020-03-18",,,,"2020-03-19",,"2020-03-20",
"Peru","2020-08-21","2020-05-26","2020-08-24","2020-08-22","2020-05-29","2020-08-24","2020-08-21","2020-05-28","2020-08-24",40169,861,23135,773,17034,88,,,"2020-03-16",,"2020-03-16",,"2020-03-12",,"2020-03-16",,"2020-03-16","2020-05-01"
"Philippines","2020-10-17","2020-10-15","2020-10-20","2020-10-18","2020-10-15","2020-10-20","2020-10-17","2020-10-15","2020-10-20",92604,2383,59904,1501,32700,882,,,,,"2020-03-16",,,,,,,
"Piaui","2020-12-27","2020-07-15","2020-12-27","2020-12-27","2020-07-16","2020-12-27","2020-12-27","2020-07-15","2020-12-27",6505,232,5104,199,1401,33,,,,,"2020-03-16",,"2020-03-16",,"2020-03-19",,"2020-03-23",
"Piemonte","2020-04-07","2020-04-03","2020-11-25","2020-04-08","2020-04-05","2020-11-26","2020-04-07","2020-04-05","2020-11-25",15119,459,11731,322,3388,137,"2020-03-22","2020-05-04","2020-03-11","2020-06-03","2020-03-05",,"2020-03-07",,"2020-03-07","2020-06-15","2020-03-11","2020-04-14"
"Poland","2020-11-20","2020-11-18","2020-11-23","2020-11-21","2020-11-19","2020-11-23","2020-11-21","2020-11-18","2020-11-23",202488,9796,146547,5946,55941,3850,,,"2020-03-24","2020-04-20","2020-03-12","2020-05-24","2020-03-10",,"2020-03-31",,,
"Portugal","2020-04-10","2020-04-07","2020-04-12","2020-04-10","2020-04-09","2020-04-12","2020-04-10","2020-04-09","2020-04-12",34811,517,24049,311,10762,206,"2020-04-09","2020-05-02","2020-03-19","2020-05-02","2020-03-16",,"2020-03-19",,"2020-03-16",,"2020-03-19","2020-05-02"
"Prince Edward Island","2019-12-21","2019-12-21","2019-12-21","2019-12-21","2019-12-21","2019-12-21","2019-12-21","2019-12-21","2019-12-21",,,,,,,,,,,"2020-03-16",,"2020-03-16",,"2020-03-17",,,
"Provincia autonoma di Bolzano","2020-03-31","2020-03-29","2020-12-02","2020-04-02","2020-03-31","2020-12-03","2020-03-31","2020-03-31","2020-12-02",1719,53,1333,37,386,16,"2020-03-22","2020-05-04","2020-03-11","2020-06-03","2020-03-05",,"2020-03-11",,"2020-03-11","2020-06-15","2020-03-11","2020-04-14"
"Provincia autonoma di Trento","2020-03-30","2020-03-28","2020-04-01","2020-03-30","2020-03-30","2020-04-01","2020-03-30","2020-03-30","2020-03-31",1822,56,1413,39,409,17,"2020-03-22","2020-05-04","2020-03-11","2020-06-03","2020-03-05",,"2020-03-11",,"2020-03-11","2020-06-15","2020-03-11","2020-04-14"
"Puebla","2020-12-27","2020-08-12","2020-12-27","2020-12-27","2020-08-12","2020-12-27","2020-12-27","2020-08-12","2020-12-27",5295,239,3010,175,2285,64,,,,,"2020-03-22",,"2020-03-23",,"2020-03-29",,"2020-03-30",
"Puerto Rico","2020-12-05","2020-04-11","2020-12-08","2020-12-05","2020-04-15","2020-12-08","2020-12-05","2020-04-15","2020-12-08",7107,155,4685,102,2422,53,,,"2020-03-16","2020-06-16","2020-03-16",,"2020-03-12",,"2020-03-16","2020-06-16","2020-03-16","2020-05-04"
"Puglia","2020-11-05","2020-04-05","2020-11-07","2020-11-05","2020-04-07","2020-11-07","2020-11-05","2020-04-07","2020-11-07",15106,445,11721,312,3385,133,"2020-03-22","2020-05-04","2020-03-11","2020-06-03","2020-03-05",,"2020-03-11",,"2020-03-11","2020-06-15","2020-03-11","2020-04-14"
"Punjab","2020-10-12","2020-10-08","2020-10-15","2020-10-13","2020-10-10","2020-10-15","2020-10-12","2020-10-10","2020-10-15",50106,1585,36435,1115,13671,470,,,"2020-03-24","2020-05-09","2020-03-15",,"2020-03-24",,"2020-03-24",,"2020-03-24","2020-04-15"
"Qatar","2020-10-20","2020-06-26","2020-12-27","2020-10-22","2020-06-25","2020-12-27","2020-10-22","2020-06-28","2020-12-27",4382,341,2740,198,1642,143,,,,,"2020-03-10",,"2020-03-14",,"2020-03-13",,"2020-03-13",
"Quebec","2020-12-14","2020-04-24","2020-12-17","2020-12-15","2020-04-27","2020-12-17","2020-12-15","2020-04-26","2020-12-17",,,,,,,,,,,"2020-03-16",,"2020-03-12",,"2020-03-15",,"2020-03-23","2020-05-11"
"Querétaro","2020-09-15","2020-06-13","2020-09-18","2020-09-16","2020-06-13","2020-09-18","2020-09-15","2020-06-13","2020-09-18",1519,152,1108,131,411,21,,,,,"2020-03-15",,"2020-03-13",,"2020-03-23",,"2020-03-30",
"Quintana Roo","2020-12-27","2020-09-07","2020-12-27","2020-09-10","2020-09-07","2020-12-27","2020-12-27","2020-09-07","2020-12-27",1255,91,972,81,283,10,,,,,"2020-03-22",,"2020-03-24",,"2020-03-23",,"2020-03-30",
"Republic of Korea","2020-03-30","2020-03-12","2020-03-30","2020-03-21","2020-03-18","2020-03-30","2020-03-21","2020-03-16","2020-03-30",440670,8578,307225,5510,133445,3068,,,,,"2020-03-02","2020-06-08",,,"2020-03-22",,,
"Republic of Moldova","2020-08-10","2020-07-18","2020-12-27","2020-08-10","2020-07-25","2020-12-27","2020-08-10","2020-07-11","2020-12-27",18152,397,14800,286,3352,111,,,"2020-03-25","2020-05-16","2020-03-11",,"2020-03-10",,"2020-03-13",,"2020-03-16","2020-06-01"
"Rhineland-Palatinate","2020-12-27","2020-04-15","2020-12-27","2020-12-27","2020-04-18","2020-12-27","2020-12-27","2020-04-18","2020-12-27",,,,,,,,,"2020-03-22","2020-05-13","2020-03-16",,"2020-03-22",,"2020-03-23",,"2020-03-23","2020-04-20"
"Rhode Island","2020-05-20","2020-05-16","2020-05-24","2020-05-20","2020-05-18","2020-05-23","2020-05-20","2020-05-18","2020-05-22",2757,153,1962,111,795,42,,,"2020-03-28","2020-05-09","2020-03-16",,"2020-03-17",,"2020-03-17",,,
"Rio Grande do Norte","2020-07-13","2020-06-15","2020-12-27","2020-07-14","2020-06-15","2020-12-27","2020-07-13","2020-06-15","2020-12-27",6719,409,5279,352,1440,57,"2020-06-04",,,,"2020-03-24",,"2020-04-01",,"2020-04-01",,"2020-04-01",
"Rio Grande do Sul","2020-09-01","2020-08-29","2020-09-03","2020-09-01","2020-08-30","2020-09-03","2020-09-01","2020-08-30","2020-09-03",27795,1586,21951,1369,5844,217,,,,,"2020-04-01",,"2020-03-19",,"2020-03-19",,"2020-04-01","2020-04-08"
"Rio de Janeiro","2020-12-27","2020-05-23","2020-12-27","2020-12-27","2020-05-25","2020-12-27","2020-12-27","2020-05-25","2020-12-27",34292,3742,26957,3222,7335,520,,,"2020-03-30",,"2020-03-13",,"2020-03-13",,"2020-03-16",,,
"Romania","2020-09-25","2020-09-23","2020-09-28","2020-09-26","2020-09-23","2020-09-28","2020-09-26","2020-09-23","2020-09-28",127588,4504,96369,2907,31219,1597,,,"2020-03-23","2020-05-15","2020-03-11",,"2020-03-06",,"2020-03-21",,"2020-03-21","2020-05-15"
"Rondônia","2020-06-15","2020-06-10","2020-10-01","2020-06-18","2020-06-14","2020-10-03","2020-06-17","2020-06-14","2020-10-03",3811,197,2996,169,815,28,,,,,"2020-03-17",,"2020-03-20",,"2020-03-20",,"2020-03-20",
"Roraima","2020-12-18","2020-06-15","2020-12-27","2020-12-20","2020-06-15","2020-12-27","2020-12-19","2020-06-15","2020-12-27",1041,24,817,20,224,4,,,,,"2020-03-17",,"2020-03-16",,"2020-03-22",,"2020-03-27",
"Russian Federation","2020-12-27","2020-06-04","2020-12-27","2020-12-27","2020-06-06","2020-12-27","2020-12-27","2020-06-06","2020-12-27",1108468,20696,907293,14998,201175,5698,,,,,"2020-03-23",,,,"2020-03-30","2020-06-23","2020-03-30","2020-05-12"
"Rwanda","2019-12-21","2019-12-21","2019-12-21","2019-12-21","2019-12-21","2019-12-21","2019-12-21","2019-12-21","2019-12-21",19241,59,9347,23,9894,36,"2020-03-21",,"2020-03-21",,"2020-03-16",,"2020-03-17",,"2020-03-21",,"2020-03-21",
"Saarland","2020-12-27","2020-04-12","2020-12-27","2020-12-27","2020-04-13","2020-12-27","2020-12-27","2020-04-13","2020-12-27",,,,,,,,,"2020-03-21","2020-05-18","2020-03-16",,"2020-03-21",,"2020-03-15",,,
"San Luis Potosí","2020-10-08","2020-10-06","2020-10-11","2020-10-09","2020-10-06","2020-10-11","2020-10-09","2020-10-06","2020-10-11",2257,111,1569,93,688,18,,,,,"2020-03-22",,"2020-03-20",,"2020-03-22",,"2020-03-30",
"San Marino","2020-04-08","2020-03-15","2020-11-21","2020-03-28","2020-03-22","2020-11-22","2020-03-29","2020-03-22","2020-11-22",146,2,92,1,54,1,,,,,"2020-02-23",,"2020-03-08",,"2020-03-08",,,
"Santa Catarina","2020-09-21","2020-09-19","2020-09-24","2020-09-22","2020-09-19","2020-09-24","2020-09-21","2020-09-19","2020-09-24",14539,769,11460,663,3079,106,,,,,"2020-03-19",,"2020-03-17",,"2020-03-17",,"2020-03-17","2020-04-13"
"Sao Tome and Principe","2020-05-05","2020-05-05","2020-05-05","2020-05-07","2020-05-07","2020-05-08","2020-05-07","2020-05-07","2020-05-07",463,1,272,0,191,1,,,,,"2020-03-19",,"2020-03-19",,"2020-03-19",,,
"Sardegna","2020-12-27","2020-04-01","2020-12-27","2020-12-27","2020-04-02","2020-12-27","2020-12-27","2020-04-02","2020-12-27",5972,177,4633,124,1339,53,"2020-03-22","2020-05-04","2020-03-11","2020-06-03","2020-03-05",,"2020-03-11",,"2020-03-11","2020-06-15","2020-03-11","2020-04-14"
"Saskatchewan","2020-12-11","2019-12-21","2020-12-15","2020-12-12","2019-12-21","2020-12-15","2020-12-11","2019-12-21","2020-12-15",,,,,,,,,,,"2020-03-20",,"2020-03-13",,"2020-03-18",,,
"Saudi Arabia","2020-07-25","2020-07-22","2020-12-27","2020-07-26","2020-07-23","2020-12-27","2020-07-26","2020-07-23","2020-12-27",72252,6556,45082,3807,27170,2749,"2020-03-26","2020-05-31","2020-05-25",,"2020-03-09",,"2020-03-15",,"2020-03-15",,"2020-03-15","2020-04-29"
"Saxony","2020-12-27","2020-04-10","2020-12-27","2020-12-27","2020-04-13","2020-12-27","2020-12-27","2020-04-13","2020-12-27",,,,,,,,,"2020-03-23","2020-04-20","2020-03-23","2020-06-06","2020-03-23",,"2020-03-23",,"2020-03-23","2020-04-20"
"Saxony-Anhalt","2020-10-14","2020-08-14","2020-10-17","2020-10-14","2020-08-09","2020-10-17","2020-10-14","2020-08-15","2020-10-17",,,,,,,,,"2020-03-22","2020-05-04","2020-03-16","2020-06-15","2020-03-22",,"2020-03-24",,"2020-03-24","2020-04-20"
"Schleswig-Holstein","2020-12-27","2020-04-12","2020-12-27","2020-12-27","2020-04-15","2020-12-27","2020-12-27","2020-04-15","2020-12-27",,,,,,,,,"2020-03-24","2020-05-09","2020-03-16",,"2020-03-24",,"2020-03-14",,"2020-03-24","2020-04-20"
"Senegal","2020-09-02","2020-08-31","2020-12-27","2020-09-03","2020-08-31","2020-12-27","2020-09-03","2020-08-31","2020-12-27",3843,33,2147,16,1696,17,,,,,"2020-03-16",,"2020-03-14",,,,,
"Serbia","2020-04-23","2020-04-08","2020-04-26","2020-04-17","2020-04-10","2020-04-26","2020-04-18","2020-04-09","2020-04-26",40881,161,28034,89,12847,72,"2020-03-21","2020-04-23","2020-03-18","2020-05-07","2020-03-16",,"2020-03-11",,"2020-03-16",,"2020-03-16","2020-04-21"
"Sergipe","2020-07-13","2020-07-07","2020-12-11","2020-07-14","2020-07-10","2020-12-12","2020-07-13","2020-07-10","2020-12-11",3028,219,2366,187,662,32,,,,,"2020-03-16",,"2020-03-16",,"2020-03-20",,"2020-03-24","2020-04-16"
"Sicilia","2020-12-05","2020-04-01","2020-12-08","2020-12-06","2020-04-02","2020-12-08","2020-12-05","2020-04-02","2020-12-08",18772,553,14554,388,4218,165,"2020-03-22","2020-05-04","2020-03-11","2020-06-03","2020-03-05",,"2020-03-11",,"2020-03-11","2020-06-15","2020-03-11","2020-04-14"
"Sierra Leone","2020-12-27","2020-05-10","2020-12-27","2020-12-27","2020-05-15","2020-12-27","2020-12-27","2020-05-15","2020-12-27",4055,27,2291,13,1764,14,,,"2020-05-03","2020-05-06","2020-03-31",,"2020-03-16",,"2020-04-22",,"2020-04-22",
"Sinaloa","2020-10-11","2020-06-05","2020-10-14","2020-10-12","2020-06-07","2020-10-14","2020-10-11","2020-06-06","2020-10-14",2788,149,1981,127,807,22,,,,,"2020-03-19",,"2020-03-20",,"2020-03-23",,"2020-03-30",
"Sindh","2020-10-26","2020-10-14","2020-10-30","2020-10-27","2020-10-17","2020-10-30","2020-10-27","2020-10-16","2020-10-30",30958,859,22665,609,8293,250,,,"2020-03-22","2020-05-09","2020-03-01",,"2020-03-22",,"2020-03-22",,"2020-03-22","2020-04-15"
"Singapore","2019-12-21","2019-12-21","2019-12-21","2019-12-21","2019-12-21","2019-12-21","2019-12-21","2019-12-21","2019-12-21",14085,486,10762,348,3323,138,,,"2020-04-07","2020-06-02","2020-04-08",,"2020-03-20",,"2020-03-26",,"2020-04-07","2020-06-02"
"Slovakia","2020-04-26","2020-04-13","2020-04-29","2020-04-21","2020-04-21","2020-04-29","2020-04-29","2020-04-21","2020-04-29",32654,519,22396,290,10258,229,"2020-04-08","2020-04-14",,,"2020-03-12",,"2020-03-12",,"2020-03-16",,"2020-03-16","2020-03-30"
"Slovenia","2020-04-15","2020-04-04","2020-04-15","2020-04-13","2020-04-10","2020-04-15","2020-04-13","2020-04-10","2020-04-15",9350,146,6669,86,2681,60,"2020-03-16","2020-04-30",,,"2020-03-16",,"2020-03-12",,"2020-03-15",,"2020-03-15","2020-04-20"
"Somalia","2020-04-28","2020-04-23","2020-12-27","2020-04-30","2020-04-27","2020-12-27","2020-04-27","2020-04-27","2020-12-27",13049,56,6110,21,6939,35,,,,,"2020-03-19",,"2020-03-19","2020-05-29",,,,
"Sonora","2020-12-26","2020-12-13","2020-12-27","2020-12-27","2020-12-15","2020-12-27","2020-12-27","2020-12-15","2020-12-27",3320,172,2251,142,1069,30,,,"2020-04-12",,"2020-03-16",,"2020-03-17",,"2020-03-23",,"2020-03-30",
"South Carolina","2020-05-06","2020-04-29","2020-12-27","2020-05-06","2020-05-02","2020-12-27","2020-05-06","2020-05-01","2020-12-27",13707,1244,9027,839,4680,405,,,"2020-04-07","2020-05-04","2020-03-16",,"2020-03-18",,"2020-03-18","2020-05-31",,
"South Dakota","2020-05-11","2020-05-03","2020-08-09","2020-05-11","2020-05-09","2020-08-08","2020-05-11","2020-05-08","2020-08-08",4733,202,2927,128,1806,74,,,,,"2020-03-16",,"2020-04-06","2020-04-28",,,,
"South Sudan","2020-10-25","2020-06-09","2020-12-27","2020-10-30","2020-06-11","2020-12-27","2020-10-30","2020-06-09","2020-12-27",8890,33,4248,12,4642,21,"2020-04-12",,"2020-05-01",,"2020-03-20",,"2020-03-20",,"2020-03-28",,"2020-03-28","2020-05-08"
"Spain","2020-04-01","2020-03-31","2020-11-13","2020-04-02","2020-04-01","2020-11-13","2020-04-01","2020-04-01","2020-11-13",138933,3651,105811,2495,33122,1156,,,,,,,,,,,,
"Sri Lanka","2019-12-21","2019-12-21","2019-12-21","2019-12-21","2019-12-21","2019-12-21","2019-12-21","2019-12-21","2019-12-21",74799,543,50208,357,24591,186,"2020-03-24","2020-04-27",,,"2020-03-13",,"2020-03-14",,"2020-03-14",,,
"Sudan","2020-11-08","2020-10-16","2020-11-12","2020-11-09","2020-10-19","2020-11-13","2020-11-09","2020-10-17","2020-11-13",26349,2836,15853,1565,10496,1271,"2020-04-12",,,,"2020-03-15",,"2020-03-15",,,,,
"Suriname","2020-07-27","2020-07-25","2020-12-27","2020-07-28","2020-07-26","2020-12-27","2020-07-28","2020-07-25","2020-12-27",1483,26,1181,20,302,6,,,,,"2020-03-16",,"2020-04-06",,,,,
"Sweden","2020-04-19","2020-04-14","2020-04-23","2020-04-19","2020-04-17","2020-04-22","2020-04-19","2020-04-17","2020-04-21",29928,1077,22478,355,7450,722,,,,,,,"2020-03-11",,,,,
"Switzerland","2020-04-06","2020-04-04","2020-12-27","2020-04-07","2020-04-06","2020-12-27","2020-04-07","2020-04-06","2020-12-27",40719,875,34144,670,6575,205,,,,,"2020-03-13","2020-06-08","2020-02-28",,"2020-03-16",,"2020-03-16","2020-04-27"
"Syrian Arab Republic","2020-12-27","2019-12-21","2020-12-27","2020-12-27","2019-12-21","2020-12-28","2020-12-27","2019-12-21","2020-12-28",18610,1520,11495,870,7115,650,"2020-03-23",,,,"2020-03-14",,"2020-03-24",,"2020-03-22",,"2020-03-22","2020-04-23"
"São Paulo","2020-07-17","2020-06-15","2020-12-27","2020-07-18","2020-06-15","2020-12-27","2020-07-17","2020-06-15","2020-12-27",84843,7738,66771,6667,18072,1071,,,,,"2020-03-23",,"2020-03-14",,"2020-03-24",,"2020-03-24",
"Tabasco","2020-12-09","2020-11-18","2020-12-27","2020-12-10","2020-11-20","2020-12-27","2020-12-10","2020-11-20","2020-12-27",1966,96,1364,80,602,16,,,,,"2020-03-22",,"2020-03-14",,"2020-03-23",,"2020-04-01",
"Tajikistan","2020-11-30","2020-05-10","2020-12-27","2020-12-02","2020-05-12","2020-12-27","2020-11-29","2020-05-11","2020-12-27",46949,1039,32625,602,14324,437,,,,,"2020-05-04",,,,,,,
"Tamaulipas","2020-12-27","2020-08-15","2020-12-27","2020-12-27","2020-08-16","2020-12-27","2020-12-27","2020-08-16","2020-12-27",3594,190,2224,148,1370,42,,,,,"2020-03-16",,"2020-03-13",,"2020-03-23",,"2020-03-30",
"Tennessee","2020-06-24","2020-06-12","2020-07-08","2020-06-25","2020-06-15","2020-07-09","2020-06-24","2020-06-15","2020-07-08",21784,1834,13972,1205,7812,629,,,"2020-04-02","2020-05-26","2020-03-20",,"2020-03-23",,"2020-03-23",,"2020-04-01","2020-05-26"
"Texas","2020-10-06","2020-07-25","2020-10-09","2020-10-07","2020-07-17","2020-10-09","2020-10-06","2020-07-16","2020-10-09",77428,6378,48794,4118,28634,2260,,,"2020-04-02","2020-05-01","2020-03-19",,"2020-03-21",,"2020-03-21",,,
"Thailand","2020-04-11","2020-04-03","2020-04-11","2020-04-11","2020-04-09","2020-04-11","2020-04-11","2020-04-08","2020-04-11",118000,7005,78367,4559,39633,2446,,,,,"2020-03-18",,,,,,,
"Thuringia","2020-12-08","2020-04-24","2020-12-11","2020-12-08","2020-04-30","2020-12-11","2020-12-08","2020-04-28","2020-12-11",,,,,,,,,"2020-03-22","2020-05-13","2020-03-17","2020-06-13","2020-03-22","2020-06-13","2020-03-15",,,
"Tlaxcala","2020-09-09","2020-06-11","2020-12-27","2020-09-09","2020-06-15","2020-12-27","2020-09-09","2020-06-15","2020-12-27",902,39,574,31,328,8,,,,,"2020-03-15",,"2020-03-27",,"2020-03-23",,"2020-03-23",
"Tocantins","2020-08-16","2020-06-19","2020-08-19","2020-08-16","2020-06-21","2020-08-19","2020-08-16","2020-06-21","2020-08-19",2605,115,2041,98,564,17,,,,,"2020-03-18",,"2020-03-21",,,,,
"Togo","2020-12-27","2019-12-21","2020-12-27","2020-12-27","2019-12-21","2020-12-27","2020-12-27","2019-12-21","2020-12-27",5872,33,3355,16,2517,17,,,,,"2020-03-20",,"2020-03-20",,"2020-03-21",,,
"Toscana","2020-11-04","2020-04-05","2020-11-06","2020-11-04","2020-04-08","2020-11-06","2020-11-04","2020-04-07","2020-11-06",12800,390,9933,274,2867,116,"2020-03-22","2020-05-04","2020-03-11","2020-06-03","2020-03-05",,"2020-03-11",,"2020-03-11","2020-06-15","2020-03-11","2020-04-14"
"Trinidad and Tobago","2020-10-31","2020-03-30","2020-11-04","2020-10-31","2020-04-01","2020-11-04","2020-10-31","2020-04-01","2020-11-04",3623,32,2369,21,1254,11,,,"2020-03-30","2020-05-24","2020-03-16",,"2020-03-16",,"2020-03-17",,"2020-03-30","2020-05-11"
"Turkey","2020-10-02","2020-04-15","2020-10-05","2020-10-03","2020-04-17","2020-10-05","2020-10-03","2020-04-16","2020-10-05",199131,23252,131154,14509,67977,8743,,,,,"2020-03-16",,"2020-03-16",,"2020-03-16",,,
"Uganda","2019-12-21","2019-12-21","2019-12-21","2019-12-21","2019-12-21","2019-12-21","2019-12-21","2019-12-21","2019-12-21",39763,82,19089,32,20674,50,"2020-03-30","2020-05-26","2020-03-30","2020-06-02","2020-03-20",,"2020-03-18",,"2020-03-18",,"2020-03-30","2020-05-04"
"Ukraine","2020-11-08","2020-11-05","2020-11-10","2020-11-08","2020-11-05","2020-11-10","2020-11-08","2020-11-05","2020-11-10",363967,6572,324484,5218,39483,1354,,,"2020-04-03","2020-06-05","2020-03-12",,"2020-03-12",,"2020-03-12",,"2020-03-17","2020-05-11"
"Umbria","2020-12-08","2020-03-24","2020-12-11","2020-12-08","2020-03-24","2020-12-11","2020-12-08","2020-03-24","2020-12-10",3190,96,2475,67,715,29,"2020-03-22","2020-05-04","2020-03-11","2020-06-03","2020-03-05",,"2020-03-11",,"2020-03-11","2020-06-15","2020-03-11","2020-04-14"
"United Arab Emirates","2020-12-01","2020-11-15","2020-12-05","2020-12-02","2020-11-18","2020-12-06","2020-12-02","2020-11-17","2020-12-06",14036,1092,8677,626,5359,466,,,"2020-03-23","2020-04-24","2020-03-08",,"2020-03-23",,"2020-03-23",,,
"United Kingdom","2020-11-24","2020-04-10","2020-11-26","2020-11-24","2020-04-12","2020-11-26","2020-11-24","2020-04-12","2020-11-26",186269,5872,156111,4498,30158,1374,,,"2020-03-23","2020-06-19","2020-03-23",,"2020-03-16",,"2020-03-20",,"2020-03-24","2020-06-29"
"United States Virgin Islands","2020-12-27","2019-12-21","2020-12-27","2020-12-27","2019-12-21","2020-12-27","2020-12-27","2019-12-21","2020-12-27",215,4,140,2,75,2,,,"2020-03-25","2020-05-04","2020-03-18",,"2020-03-21",,"2020-03-23","2020-06-01","2020-03-25","2020-05-04"
"United States of America","2020-04-17","2020-04-15","2020-12-12","2020-04-18","2020-04-17","2020-12-12","2020-04-18","2020-04-16","2020-12-12",,,,,,,,,,,,,,,,,,
"Uruguay","2020-10-21","2020-04-05","2020-11-13","2020-10-22","2020-04-07","2020-11-14","2020-10-22","2020-04-07","2020-11-15",8110,702,6039,426,2071,276,,,,,"2020-03-15","2020-06-29",,,"2020-03-17",,,
"Utah","2020-12-27","2020-06-12","2020-12-27","2020-12-27","2020-06-15","2020-12-27","2020-12-27","2020-06-15","2020-12-27",6726,428,3955,257,2771,171,,,,,"2020-03-16",,"2020-03-19",,"2020-03-19",,,
"Uzbekistan","2019-12-21","2019-12-21","2019-12-21","2019-12-21","2019-12-21","2019-12-21","2019-12-21","2019-12-21","2019-12-21",157962,3669,133450,2756,24512,913,"2020-03-27","2020-05-18","2020-03-27",,"2020-03-16",,"2020-03-23",,"2020-03-21",,,
"Valencian Community","2020-04-02","2020-04-01","2020-12-27","2020-04-03","2020-04-02","2020-12-27","2020-04-02","2020-04-02","2020-12-27",,,,,,,,,"2020-03-15","2020-05-11","2020-03-14",,"2020-03-15",,"2020-03-15",,"2020-03-15","2020-04-13"
"Valle d'Aosta","2020-12-27","2020-03-29","2020-12-27","2020-12-27","2020-04-01","2020-12-27","2020-12-27","2020-04-01","2020-12-27",433,13,335,9,98,4,"2020-03-22","2020-05-04","2020-03-11","2020-06-03","2020-03-05",,"2020-03-11",,"2020-03-11","2020-06-15","2020-03-11","2020-04-14"
"Veneto","2020-12-03","2020-04-02","2020-12-06","2020-12-04","2020-04-04","2020-12-06","2020-12-03","2020-04-04","2020-12-06",17056,518,13238,364,3818,154,"2020-03-22","2020-05-04","2020-03-11","2020-06-03","2020-03-01",,"2020-02-22",,"2020-02-22","2020-06-15","2020-03-11","2020-04-14"
"Venezuela (Bolivarian Republic of)","2020-10-24","2020-07-21","2020-11-05","2020-10-24","2020-07-10","2020-10-29","2020-10-24","2020-07-03","2020-10-30",27688,1224,16851,555,10837,669,"2020-03-17",,"2020-03-20",,"2020-03-16",,"2020-03-12",,"2020-03-16",,"2020-03-16",
"Veracruz de Ignacio de la Llave","2020-12-27","2020-06-12","2020-12-27","2020-09-10","2020-06-14","2020-12-27","2020-09-10","2020-06-13","2020-12-27",5970,194,3863,156,2107,38,,,,,"2020-03-16",,"2020-03-16",,"2020-03-23",,"2020-03-30",
"Vermont","2020-03-30","2020-03-29","2020-03-31","2020-03-30","2020-03-30","2020-03-30","2020-03-30","2020-03-30","2020-03-30",1525,102,992,68,533,34,,,"2020-03-24","2020-05-15","2020-03-18",,"2020-03-13",,"2020-03-17",,"2020-03-25","2020-05-04"
"Virginia","2020-04-28","2020-04-26","2020-05-19","2020-05-01","2020-04-28","2020-05-18","2020-04-30","2020-04-28","2020-05-18",23270,1241,16689,912,6581,329,,,"2020-03-30","2020-06-05","2020-03-16",,"2020-03-15",,"2020-03-17",,"2020-03-24","2020-05-15"
"Washington","2020-11-22","2020-11-19","2020-11-27","2020-11-23","2020-11-20","2020-11-27","2020-11-23","2020-11-19","2020-11-27",15235,1116,10328,775,4907,341,,,"2020-03-23",,"2020-03-13",,"2020-03-11",,"2020-03-16",,"2020-03-25",
"West Virginia","2020-04-29","2020-04-17","2020-05-01","2020-04-29","2020-04-24","2020-05-01","2020-04-29","2020-04-23","2020-05-01",8403,568,5371,372,3032,196,,,"2020-03-25","2020-05-04","2020-03-14",,"2020-03-24",,"2020-03-18",,"2020-03-24","2020-05-04"
"Wisconsin","2020-04-10","2020-04-08","2020-04-17","2020-04-12","2020-04-10","2020-04-14","2020-04-11","2020-04-09","2020-04-14",14232,476,8867,303,5365,173,,,"2020-03-25","2020-05-13","2020-03-18",,"2020-03-17",,"2020-03-17",,"2020-03-25","2020-05-11"
"Wyoming","2020-05-24","2020-05-22","2020-05-24","2020-05-24","2020-05-24","2020-05-24","2020-05-24","2020-05-24","2020-05-24",2453,105,1384,60,1069,45,,,,,"2020-03-19",,"2020-03-20",,"2020-03-19","2020-05-15",,
"Yemen","2020-08-15","2020-06-15","2020-12-27","2020-08-16","2020-06-16","2020-12-27","2020-08-16","2020-06-15","2020-12-27",19903,2165,11923,1188,7980,977,,,,,"2020-03-25",,,,,,,
"Yucatán","2020-11-14","2020-11-03","2020-12-01","2020-11-16","2020-11-04","2020-12-02","2020-11-15","2020-11-03","2020-12-01",2077,141,1737,129,340,12,,,,,"2020-03-16",,"2020-03-26",,"2020-03-23",,"2020-03-30",
"Yukon","2019-12-21","2019-12-21","2019-12-21","2019-12-21","2019-12-21","2019-12-21","2019-12-21","2019-12-21","2019-12-21",,,,,,,,,,,"2020-03-16",,"2020-03-20",,"2020-03-23",,,
"Zacatecas","2020-09-08","2020-06-12","2020-12-27","2020-09-09","2020-06-12","2020-12-27","2020-09-08","2020-06-12","2020-12-27",1218,53,768,42,450,11,,,,,"2020-03-23",,"2020-03-15",,"2020-03-23",,"2020-03-30",
"Zambia","2020-10-12","2019-12-21","2020-11-25","2020-10-13","2019-12-21","2020-11-20","2020-10-13","2019-12-21","2020-11-20",27805,45,13494,18,14311,27,,,,,"2020-03-20",,"2020-03-25",,"2020-03-25",,,
"Zimbabwe","2020-10-31","2019-12-21","2020-11-24","2020-11-02","2019-12-21","2020-11-21","2020-11-01","2019-12-21","2020-11-23",25036,688,15467,394,9569,294,,,"2020-03-30",,"2020-03-23",,"2020-03-23",,"2020-03-23",,"2020-03-30","2020-04-20"
